Date,Time,TimeDiff,TimeDiff2,Longitude (X),Latitude (Y),Speed,SpeedDiff,Operatorname,Acceleration,Operator,CGI,Cellname,Node,CellID,LAC,NetworkTech,NetworkMode,Level,Qual (RSRQ),SNR,CQI,LTERSSI,ARFCN,DL_bitrate,UL_bitrate,PSC,Altitude,Z,Accuracy,Location,State,PINGAVG,PINGMIN,PINGMAX,PINGSTDEV,PINGLOSS,TESTDOWNLINK,TESTUPLINK,TESTDOWNLINKMAX,TESTUPLINKMAX,Test_Status,DataConnection_Type,DataConnection_Info,Layer,Filemark,IMEI,Distance,Bearing,IP,TA,EVENT,EVENTDETAILS,IMSI,MSISDN,SERVINGTIME,CELLHEX,NODEHEX,LACHEX,RAWCELLID,VERSION_NAME,VERSION_CODE,DEVICE,BAND,BANDWIDTH,FREQUENCY (MHZ),SecondCell_NODE,SecondCell_CELLID,SecondCell_RSRP,SecondCell_RSRQ,SecondCell_SNR,CSI_RSRP,CSI_RSRQ,CSI_SNR,NetworkTypeNum,CA,SecondCell_PSC,SecondCell_ARFCN,SecondCell_BAND,Site_BEARING,R1,R2,R3,R4,NTech1,NCellName1,NCellid1,NLAC1,NCell1,NARFCN1,NRxLev1,NQual1,NDistance1,NBearing1,NTech2,NCellName2,NCellid2,NLAC2,NCell2,NARFCN2,NRxLev2,NQual2,NDistance2,NBearing2,NTech3,NCellName3,NCellid3,NLAC3,NCell3,NARFCN3,NRxLev3,NQual3,NDistance3,NBearing3,NTech4,NCellName4,NCellid4,NLAC4,NCell4,NARFCN4,NRxLev4,NQual4,NDistance4,NBearing4,NTech5,NCellName5,NCellid5,NLAC5,NCell5,NARFCN5,NRxLev5,NQual5,NDistance5,NBearing5,NTech6,NCellName6,NCellid6,NLAC6,NCell6,NARFCN6,NRxLev6,NQual6,NDistance6,NBearing6,NTech7,NCellName7,NCellid7,NLAC7,NCell7,NARFCN7,NRxLev7,NQual7,NDistance7,NBearing7
13/07/2022,18:16:25,0:00,0,-0.2422353,51.7512722,0,0,EE,0,23430,2.34301E+14,27196-7,27196,7,10761,4G,LTE,-91,-6,24.2,-,-69,3350,0,1,452,1,1.4,36,N,D,,,,,,,,,,,M,13,1,,,42,0,192.0.0.4,2,,,,,271,7,6A3C,2A09,6962183,25.8,499,samsung:SM-G975U:PPR1.180610.011,L7,20MHZ,2600,,,,,,,,,13,FALSE,,,,190,,,,,4G,,,,451,3350,-109,-20,,,4G,,,,298,3350,-111,-20,,,,,,,,,,,,,,,,,,,,,,,,,,,,,,,,,,,,,,,,,,,,,,,,,,,,
13/07/2022,18:16:25,00,0,-0.24232451,51.75092466,0,0,EE,0,23430,2.34301E+14,27196-7,27196,7,10761,4G,LTE,-91,-6,24.2,-,-69,3350,3,3,452,1,1.4,18,G,D,,,,,,,,,,,M,13,1,,,3,0,192.0.0.4,2,,,,,271,7,6A3C,2A09,6962183,25.8,499,samsung:SM-G975U:PPR1.180610.011,L7,20MHZ,2600,,,,,,,,,13,FALSE,,,,199,,,,,4G,,,,451,3350,-109,-20,,,4G,,,,298,3350,-111,-20,,,,,,,,,,,,,,,,,,,,,,,,,,,,,,,,,,,,,,,,,,,,,,,,,,,,
13/07/2022,18:16:44,19,19,-0.24232528,51.75092405,0,0,EE,0,23430,2.34301E+14,27196-7,27196,7,10761,4G,LTE,-75,-7,26.8,-,-63,3350,0,0,452,0,1.4,18,G,I,,,,,,,,,,,M,13,1,,,3,0,192.0.0.4,2,,,,,290,7,6A3C,2A09,6962183,25.8,499,samsung:SM-G975U:PPR1.180610.011,L7,20MHZ,2600,,,,,,,,,13,FALSE,,,,199,,,,,4G,,,,451,3350,-95,-20,,,,,,,,,,,,,,,,,,,,,,,,,,,,,,,,,,,,,,,,,,,,,,,,,,,,,,,,,,,,,,
13/07/2022,18:16:45,01,1,-0.2422161,51.7511207,0,0,EE,0,23430,2.34301E+14,27196-7,27196,7,10761,4G,LTE,-75,-7,27,-,-63,3350,0,0,452,1,1.4,41,N,I,,,,,,,,,,,M,13,1,,,26,0,192.0.0.4,2,,,,,291,7,6A3C,2A09,6962183,25.8,499,samsung:SM-G975U:PPR1.180610.011,L7,20MHZ,2600,,,,,,,,,13,FALSE,,,,199,,,,,4G,,,,451,3350,-95,-20,,,,,,,,,,,,,,,,,,,,,,,,,,,,,,,,,,,,,,,,,,,,,,,,,,,,,,,,,,,,,,
13/07/2022,18:17:05,20,20,-0.2420864,51.7511791,0,0,EE,0,23430,2.34301E+14,27196-7,27196,7,10761,4G,LTE,-74,-6,25,-,-63,3350,0,0,452,0,1.4,38,N,I,,,,,,,,,,,M,13,1,,,35,0,192.0.0.4,2,,,,,311,7,6A3C,2A09,6962183,25.8,499,samsung:SM-G975U:PPR1.180610.011,L7,20MHZ,2600,,,,,,,,,13,FALSE,,,,210,,,,,4G,,,,451,3350,-90,-20,,,4G,,,,298,3350,-97,-20,,,,,,,,,,,,,,,,,,,,,,,,,,,,,,,,,,,,,,,,,,,,,,,,,,,,
13/07/2022,18:17:19,14,14,-0.24231839,51.75095896,0,0,EE,0,23430,2.34301E+14,27196-7,27196,7,10761,4G,LTE,-79,-7,25.8,-,-65,3350,0,0,452,0,1.4,14,G,I,,,,,,,,,,,M,13,1,,,35,0,192.0.0.4,2,,,,,325,7,6A3C,2A09,6962183,25.8,499,samsung:SM-G975U:PPR1.180610.011,L7,20MHZ,2600,,,,,,,,,13,FALSE,,,,210,,,,,4G,,,,298,3350,-98,-20,,,,,,,,,,,,,,,,,,,,,,,,,,,,,,,,,,,,,,,,,,,,,,,,,,,,,,,,,,,,,,
13/07/2022,18:17:22,03,3,-0.24242839,51.75098982,4,4,EE,1.333333333,23430,2.34301E+14,27196-7,27196,7,10761,4G,LTE,-78,-8,25.8,-,-65,3350,0,0,452,0,1.4,13,G,I,,,,,,,,,,,M,13,1,,,11,0,192.0.0.4,2,,,,,328,7,6A3C,2A09,6962183,25.8,499,samsung:SM-G975U:PPR1.180610.011,L7,20MHZ,2600,,,,,,,,,13,FALSE,,,,148,,,,,4G,,,,298,3350,-100,-20,,,,,,,,,,,,,,,,,,,,,,,,,,,,,,,,,,,,,,,,,,,,,,,,,,,,,,,,,,,,,,
13/07/2022,18:17:25,03,3,-0.24259073,51.7510204,3,-1,EE,-0.333333333,23430,2.34301E+14,27196-7,27196,7,10761,4G,LTE,-83,-7,25.8,-,-65,3350,0,0,452,0,1.4,13,G,D,,,,,,,,,,,M,13,1,,,22,0,192.0.0.4,2,,,,,331,7,6A3C,2A09,6962183,25.8,499,samsung:SM-G975U:PPR1.180610.011,L7,20MHZ,2600,,,,,,,,,13,FALSE,,,,127,,,,,4G,,,,298,3350,-100,-19,,,4G,,,,451,3350,-100,-20,,,,,,,,,,,,,,,,,,,,,,,,,,,,,,,,,,,,,,,,,,,,,,,,,,,,
13/07/2022,18:17:25,00,0,-0.2426173,51.7517848,0,-3,EE,0,23430,2.34301E+14,27196-7,27196,7,10761,4G,LTE,-83,-7,25.8,-,-65,3350,0,0,452,0,1.4,74,N,D,,,,,,,,,,,M,13,1,,,100,0,192.0.0.4,2,,,,,331,7,6A3C,2A09,6962183,25.8,499,samsung:SM-G975U:PPR1.180610.011,L7,20MHZ,2600,,,,,,,,,13,FALSE,,,,168,,,,,4G,,,,298,3350,-100,-19,,,4G,,,,451,3350,-100,-20,,,,,,,,,,,,,,,,,,,,,,,,,,,,,,,,,,,,,,,,,,,,,,,,,,,,
13/07/2022,18:17:28,03,3,-0.2426036,51.75111856,2,2,EE,0.666666667,23430,2.34301E+14,27196-7,27196,7,10761,4G,LTE,-82,-7,23.2,-,-65,3350,0,0,452,0,1.4,14,G,I,,,,,,,,,,,M,13,1,,,30,0,192.0.0.4,2,,,,,334,7,6A3C,2A09,6962183,25.8,499,samsung:SM-G975U:PPR1.180610.011,L7,20MHZ,2600,,,,,,,,,13,FALSE,,,,143,,,,,4G,,,,451,3350,-98,-20,,,4G,,,,298,3350,-103,-20,,,,,,,,,,,,,,,,,,,,,,,,,,,,,,,,,,,,,,,,,,,,,,,,,,,,
13/07/2022,18:17:32,04,4,-0.24266782,51.75120981,2,0,EE,0,23430,2.34301E+14,27196-7,27196,7,10761,4G,LTE,-87,-8,22.8,-,-69,3350,0,0,452,0,1.4,16,G,I,,,,,,,,,,,M,13,1,,,41,0,192.0.0.4,1,,,,,338,7,6A3C,2A09,6962183,25.8,499,samsung:SM-G975U:PPR1.180610.011,L7,20MHZ,2600,,,,,,,,,13,FALSE,,,,146,,,,,4G,,,,451,3350,-103,-20,,,4G,,,,298,3350,-111,-20,,,,,,,,,,,,,,,,,,,,,,,,,,,,,,,,,,,,,,,,,,,,,,,,,,,,
13/07/2022,18:17:38,06,6,-0.24281027,51.75118687,3,1,EE,0.166666667,23430,2.34301E+14,27196-7,27196,7,10761,4G,LTE,-94,-8,23.6,-,-71,3350,0,0,452,0,1.4,16,G,I,,,,,,,,,,,M,13,1,,,45,0,192.0.0.4,1,,,,,344,7,6A3C,2A09,6962183,25.8,499,samsung:SM-G975U:PPR1.180610.011,L7,20MHZ,2600,,,,,,,,,13,FALSE,,,,134,,,,,4G,,,,451,3350,-106,-18,,,4G,,,,298,3350,-112,-20,,,,,,,,,,,,,,,,,,,,,,,,,,,,,,,,,,,,,,,,,,,,,,,,,,,,
13/07/2022,18:17:41,03,3,-0.2428054,51.75127852,2,-1,EE,-0.333333333,23430,2.34301E+14,27196-7,27196,7,10761,4G,LTE,-92,-8,24,-,-69,3350,0,0,452,0,1.4,13,G,I,,,,,,,,,,,M,13,1,,,53,0,192.0.0.4,1,,,,,347,7,6A3C,2A09,6962183,25.8,499,samsung:SM-G975U:PPR1.180610.011,L7,20MHZ,2600,,,,,,,,,13,FALSE,,,,142,,,,,4G,,,,298,3350,-110,-20,,,4G,,,,451,3350,-111,-20,,,,,,,,,,,,,,,,,,,,,,,,,,,,,,,,,,,,,,,,,,,,,,,,,,,,
13/07/2022,18:17:45,04,4,-0.2423135,51.751865,0,-2,EE,-0.5,23430,2.34301E+14,27196-7,27196,7,10761,4G,LTE,-91,-6,23.8,-,-69,3350,0,1,452,0,1.4,39,N,D,,,,,,,,,,,M,13,1,,,107,0,192.0.0.4,1,,,,,351,7,6A3C,2A09,6962183,25.8,499,samsung:SM-G975U:PPR1.180610.011,L7,20MHZ,2600,,,,,,,,,13,FALSE,,,,181,,,,,4G,,,,298,3350,-110,-20,,,,,,,,,,,,,,,,,,,,,,,,,,,,,,,,,,,,,,,,,,,,,,,,,,,,,,,,,,,,,,
13/07/2022,18:17:46,01,1,-0.24286373,51.75136991,4,4,EE,4,23430,2.34301E+14,27196-7,27196,7,10761,4G,LTE,-91,-6,23.8,-,-69,3350,0,0,452,0,1.4,13,G,I,,,,,,,,,,,M,13,1,,,63,0,192.0.0.4,1,,,,,352,7,6A3C,2A09,6962183,25.8,499,samsung:SM-G975U:PPR1.180610.011,L7,20MHZ,2600,,,,,,,,,13,FALSE,,,,145,,,,,4G,,,,298,3350,-110,-20,,,,,,,,,,,,,,,,,,,,,,,,,,,,,,,,,,,,,,,,,,,,,,,,,,,,,,,,,,,,,,
13/07/2022,18:17:51,05,5,-0.24288675,51.75147979,6,2,EE,0.4,23430,2.34301E+14,27196-7,27196,7,10761,4G,LTE,-96,-6,20.6,-,-73,3350,0,0,452,0,1.4,14,G,I,,,,,,,,,,,M,13,1,,,74,0,192.0.0.4,1,,,,,357,7,6A3C,2A09,6962183,25.8,499,samsung:SM-G975U:PPR1.180610.011,L7,20MHZ,2600,,,,,,,,,13,FALSE,,,,149,,,,,4G,,,,451,3350,-112,-20,,,4G,,,,299,3350,-114,-20,,,4G,,,,457,3350,-116,-20,,,4G,,,,298,3350,-117,-20,,,,,,,,,,,,,,,,,,,,,,,,,,,,,,,,
13/07/2022,18:17:56,05,5,-0.24302082,51.75151985,7,1,EE,0.2,23430,2.34301E+14,27196-7,27196,7,10761,4G,LTE,-98,-6,19,-,-73,3350,0,0,452,0,1.4,14,G,I,,,,,,,,,,,M,13,1,,,83,0,192.0.0.4,1,,,,,362,7,6A3C,2A09,6962183,25.8,499,samsung:SM-G975U:PPR1.180610.011,L7,20MHZ,2600,,,,,,,,,13,FALSE,,,,145,,,,,4G,,,,451,3350,-109,-19,,,4G,,,,299,3350,-112,-19,,,4G,,,,298,3350,-113,-20,,,4G,,,,447,3350,-116,-20,,,4G,,,,457,3350,-118,-20,,,4G,,,,237,3350,-126,-20,,,,,,,,,,,,
13/07/2022,18:18:05,09,9,-0.2422194,51.7517548,0,-7,EE,-0.777777778,23430,2.34301E+14,27196-7,27196,7,10761,4G,LTE,-102,-7,18.2,-,-75,3350,0,0,452,0,1.4,45,N,I,,,,,,,,,,,M,13,1,,,95,0,192.0.0.4,1,,,,,371,7,6A3C,2A09,6962183,25.8,499,samsung:SM-G975U:PPR1.180610.011,L7,20MHZ,2600,,,,,,,,,13,FALSE,,,,185,,,,,4G,,,,298,3350,-122,-20,,,,,,,,,,,,,,,,,,,,,,,,,,,,,,,,,,,,,,,,,,,,,,,,,,,,,,,,,,,,,,
13/07/2022,18:18:14,09,9,-0.24303893,51.75162487,4,4,EE,0.444444444,23430,2.34301E+14,27196-7,27196,7,10761,4G,LTE,-100,-6,16.4,-,-75,3350,0,0,452,0,1.4,16,G,I,,,,,,,,,,,M,13,1,,,94,0,192.0.0.4,2,,,,,380,7,6A3C,2A09,6962183,25.8,499,samsung:SM-G975U:PPR1.180610.011,L7,20MHZ,2600,,,,,,,,,13,FALSE,,,,149,,,,,4G,,,,299,3350,-118,-19,,,4G,,,,298,3350,-120,-20,,,4G,,,,457,3350,-120,-20,,,4G,,,,205,3350,-121,-20,,,4G,,,,271,3350,-122,-20,,,4G,,,,495,3350,-122,-20,,,4G,,,,394,3350,-122,-20,,
13/07/2022,18:18:25,11,11,-0.24317818,51.75169076,7,3,EE,0.272727273,23430,2.34301E+14,27196-7,27196,7,10761,4G,LTE,-97,-6,16,-,-72,3350,0,0,452,0,1.4,13,G,I,,,,,,,,,,,M,13,1,,,105,0,192.0.0.4,1,,,,,391,7,6A3C,2A09,6962183,25.8,499,samsung:SM-G975U:PPR1.180610.011,L7,20MHZ,2600,,,,,,,,,13,FALSE,,,,146,,,,,4G,,,,451,3350,-111,-14,,,4G,,,,298,3350,-117,-17,,,4G,,,,299,3350,-120,-20,,,4G,,,,457,3350,-121,-20,,,,,,,,,,,,,,,,,,,,,,,,,,,,,,,,
13/07/2022,18:18:25,00,0,-0.2432416,51.7521886,0,-7,EE,0,23430,2.34301E+14,27196-7,27196,7,10761,4G,LTE,-97,-6,16.6,-,-73,3350,0,0,452,0,1.4,77,N,I,,,,,,,,,,,M,13,1,,,156,0,192.0.0.4,1,,,,,391,7,6A3C,2A09,6962183,25.8,499,samsung:SM-G975U:PPR1.180610.011,L7,20MHZ,2600,,,,,,,,,13,FALSE,,,,156,,,,,4G,,,,451,3350,-111,-14,,,4G,,,,298,3350,-117,-17,,,4G,,,,299,3350,-120,-20,,,4G,,,,457,3350,-121,-20,,,,,,,,,,,,,,,,,,,,,,,,,,,,,,,,
13/07/2022,18:18:32,07,7,-0.24333137,51.75172414,4,4,EE,0.571428571,23430,2.34301E+14,27196-7,27196,7,10761,4G,LTE,-99,-6,18.8,-,-74,3350,0,0,452,0,1.4,12,G,I,,,,,,,,,,,M,13,1,,,114,0,192.0.0.4,1,,,,,398,7,6A3C,2A09,6962183,25.8,499,samsung:SM-G975U:PPR1.180610.011,L7,20MHZ,2600,,,,,,,,,13,FALSE,,,,143,,,,,4G,,,,298,3350,-112,-20,,,4G,,,,451,3350,-112,-20,,,4G,,,,457,3350,-118,-20,,,4G,,,,237,3350,-128,-20,,,,,,,,,,,,,,,,,,,,,,,,,,,,,,,,
13/07/2022,18:18:43,11,11,-0.24342273,51.75179927,2,-2,EE,-0.181818182,23430,2.34301E+14,27196-7,27196,7,10761,4G,LTE,-96,-7,20.4,-,-71,3350,0,0,452,0,1.4,12,G,D,,,,,,,,,,,M,13,1,,,125,0,192.0.0.4,1,,,,,408,7,6A3C,2A09,6962183,25.8,499,samsung:SM-G975U:PPR1.180610.011,L7,20MHZ,2600,,,,,,,,,13,FALSE,,,,143,,,,,4G,,,,298,3350,-106,-13,,,4G,,,,451,3350,-111,-20,,,4G,,,,299,3350,-113,-20,,,4G,,,,237,3350,-119,-15,,,,,,,,,,,,,,,,,,,,,,,,,,,,,,,,
13/07/2022,18:18:45,02,2,-0.2436238,51.7522339,0,-2,EE,-1,23430,2.34301E+14,27196-7,27196,7,10761,4G,LTE,-96,-6,19.4,-,-73,3350,0,0,452,0,1.4,18,N,I,,,,,,,,,,,M,13,1,,,173,0,192.0.0.4,1,,,,,411,7,6A3C,2A09,6962183,25.8,499,samsung:SM-G975U:PPR1.180610.011,L7,20MHZ,2600,,,,,,,,,13,FALSE,,,,149,,,,,4G,,,,451,3350,-109,-19,,,4G,,,,298,3350,-112,-20,,,4G,,,,299,3350,-114,-19,,,4G,,,,237,3350,-114,-10,,,,,,,,,,,,,,,,,,,,,,,,,,,,,,,,
13/07/2022,18:18:50,05,5,-0.24339909,51.75189698,7,7,EE,1.4,23430,2.34301E+14,27196-7,27196,7,10761,4G,LTE,-97,-7,14.8,-,-73,3350,0,0,452,0,1.4,11,G,I,,,,,,,,,,,M,13,1,,,133,0,192.0.0.4,1,,,,,415,7,6A3C,2A09,6962183,25.8,499,samsung:SM-G975U:PPR1.180610.011,L7,20MHZ,2600,,,,,,,,,13,FALSE,,,,146,,,,,4G,,,,298,3350,-106,-13,,,4G,,,,451,3350,-106,-19,,,4G,,,,299,3350,-110,-20,,,4G,,,,457,3350,-116,-20,,,4G,,,,237,3350,-119,-19,,,,,,,,,,,,,,,,,,,,,,
13/07/2022,18:18:57,07,7,-0.24333885,51.75198707,3,-4,EE,-0.571428571,23430,2.34301E+14,27196-7,27196,7,10761,4G,LTE,-99,-9,11.6,-,-72,3350,0,0,452,0,1.4,12,G,I,,,,,,,,,,,M,13,1,,,139,0,192.0.0.4,1,,,,,422,7,6A3C,2A09,6962183,25.8,499,samsung:SM-G975U:PPR1.180610.011,L7,20MHZ,2600,,,,,,,,,13,FALSE,,,,150,,,,,4G,,,,298,3350,-104,-15,,,4G,,,,299,3350,-105,-16,,,4G,,,,451,3350,-120,-20,,,,,,,,,,,,,,,,,,,,,,,,,,,,,,,,,,,,,,,,,,
13/07/2022,18:19:06,09,9,-0.24337564,51.75208597,4,1,EE,0.111111111,23430,2.34301E+14,27196-7,27196,7,10761,4G,LTE,-99,-10,3.4,-,-71,3350,0,0,452,0,1.4,13,G,I,,,,,,,,,,,M,13,1,,,150,0,192.0.0.4,1,,,,,431,7,6A3C,2A09,6962183,25.8,499,samsung:SM-G975U:PPR1.180610.011,L7,20MHZ,2600,,,,,,,,,13,FALSE,,,,151,,,,,4G,,,,298,3350,-104,-13,,,,,,,,,,,,,,,,,,,,,,,,,,,,,,,,,,,,,,,,,,,,,,,,,,,,,,,,,,,,,,
13/07/2022,18:19:12,06,6,-0.24335971,51.75218606,5,1,EE,0.166666667,23430,2.34301E+14,27196-7,27196,7,10761,4G,LTE,-97,-11,2.4,-,-72,3350,0,0,452,0,1.4,13,G,I,,,,,,,,,,,M,13,1,,,159,0,192.0.0.4,1,,,,,437,7,6A3C,2A09,6962183,25.8,499,samsung:SM-G975U:PPR1.180610.011,L7,20MHZ,2600,,,,,,,,,13,FALSE,,,,153,,,,,4G,,,,298,3350,-102,-14,,,,,,,,,,,,,,,,,,,,,,,,,,,,,,,,,,,,,,,,,,,,,,,,,,,,,,,,,,,,,,
13/07/2022,18:19:18,06,6,-0.24325931,51.75225997,5,0,EE,0,23430,2.34301E+14,27196-7,27196,7,10761,4G,LTE,-96,-7,3,-,-73,3350,0,0,452,0,1.4,14,G,I,,,,,,,,,,,M,13,1,,,164,0,192.0.0.4,1,,,,,443,7,6A3C,2A09,6962183,25.8,499,samsung:SM-G975U:PPR1.180610.011,L7,20MHZ,2600,,,,,,,,,13,FALSE,,,,157,,,,,4G,,,,298,3350,-104,-14,,,,,,,,,,,,,,,,,,,,,,,,,,,,,,,,,,,,,,,,,,,,,,,,,,,,,,,,,,,,,,
13/07/2022,18:19:26,08,8,-0.2435213,51.7524168,0,-5,EE,-0.625,23430,2.34301E+14,27196-7,27196,7,10761,4G,LTE,-97,-10,6.8,-,-71,3350,0,0,452,0,1.4,15,N,I,,,,,,,,,,,M,13,1,,,187,0,192.0.0.4,1,,,,,451,7,6A3C,2A09,6962183,25.8,499,samsung:SM-G975U:PPR1.180610.011,L7,20MHZ,2600,,,,,,,,,13,FALSE,,,,154,,,,,4G,,,,298,3350,-101,-15,,,,,,,,,,,,,,,,,,,,,,,,,,,,,,,,,,,,,,,,,,,,,,,,,,,,,,,,,,,,,,
13/07/2022,18:19:32,06,6,-0.24331808,51.75234237,2,2,EE,0.333333333,23430,2.34301E+14,27196-7,27196,7,10761,4G,LTE,-99,-8,6.6,-,-72,3350,0,0,452,0,1.4,23,G,I,,,,,,,,,,,M,13,1,,,174,0,192.0.0.4,1,,,,,457,7,6A3C,2A09,6962183,25.8,499,samsung:SM-G975U:PPR1.180610.011,L7,20MHZ,2600,,,,,,,,,13,FALSE,,,,157,,,,,4G,,,,298,3350,-105,-16,,,4G,,,,299,3350,-108,-19,,,4G,,,,457,3350,-113,-20,,,,,,,,,,,,,,,,,,,,,,,,,,,,,,,,,,,,,,,,,,
13/07/2022,18:19:46,14,14,-0.2436392,51.7526501,0,-2,EE,-0.142857143,23430,2.34301E+14,27196-7,27196,7,10761,4G,LTE,-97,-6,8.4,-,-77,3350,1,1,452,0,1.4,35,N,D,,,,,,,,,,,M,13,1,,,214,0,192.0.0.4,2,,,,,471,7,6A3C,2A09,6962183,25.8,499,samsung:SM-G975U:PPR1.180610.011,L7,20MHZ,2600,,,,,,,,,13,FALSE,,,,155,,,,,4G,,,,334,3350,-110,-20,,,4G,,,,298,3350,-111,-17,,,4G,,,,299,3350,-112,-20,,,4G,,,,457,3350,-114,-20,,,4G,,,,451,3350,-116,-20,,,,,,,,,,,,,,,,,,,,,,
13/07/2022,18:19:47,01,1,-0.24330933,51.75244188,4,4,EE,4,23430,2.34301E+14,27196-7,27196,7,10761,4G,LTE,-97,-6,8.6,-,-72,3350,0,0,452,0,1.4,12,G,I,,,,,,,,,,,M,13,1,,,184,0,192.0.0.4,2,,,,,472,7,6A3C,2A09,6962183,25.8,499,samsung:SM-G975U:PPR1.180610.011,L7,20MHZ,2600,,,,,,,,,13,FALSE,,,,158,,,,,4G,,,,334,3350,-110,-20,,,4G,,,,298,3350,-111,-17,,,4G,,,,299,3350,-112,-20,,,4G,,,,457,3350,-114,-20,,,4G,,,,451,3350,-116,-20,,,,,,,,,,,,,,,,,,,,,,
13/07/2022,18:19:52,05,5,-0.24329553,51.75253229,4,0,EE,0,23430,2.34301E+14,27196-7,27196,7,10761,4G,LTE,-101,-8,8.8,-,-74,3350,0,0,452,0,1.4,13,G,I,,,,,,,,,,,M,13,1,,,193,0,192.0.0.4,1,,,,,477,7,6A3C,2A09,6962183,25.8,499,samsung:SM-G975U:PPR1.180610.011,L7,20MHZ,2600,,,,,,,,,13,FALSE,,,,160,,,,,4G,,,,298,3350,-105,-11,,,4G,,,,299,3350,-114,-20,,,,,,,,,,,,,,,,,,,,,,,,,,,,,,,,,,,,,,,,,,,,,,,,,,,,
13/07/2022,18:19:58,06,6,-0.24327051,51.752622,7,3,EE,0.5,23430,2.34301E+14,27196-7,27196,7,10761,4G,LTE,-97,-7,9,-,-73,3350,0,0,452,0,1.4,13,G,D,,,,,,,,,,,M,13,1,,,202,0,192.0.0.4,1,,,,,483,7,6A3C,2A09,6962183,25.8,499,samsung:SM-G975U:PPR1.180610.011,L7,20MHZ,2600,,,,,,,,,13,FALSE,,,,161,,,,,4G,,,,298,3350,-110,-14,,,4G,,,,299,3350,-110,-20,,,4G,,,,451,3350,-113,-20,,,,,,,,,,,,,,,,,,,,,,,,,,,,,,,,,,,,,,,,,,
13/07/2022,18:20:02,04,4,-0.24322801,51.75271022,5,-2,EE,-0.5,23430,2.34301E+14,27196-7,27196,7,10761,4G,LTE,-97,-8,11.4,-,-73,3350,0,0,452,0,1.4,14,G,I,,,,,,,,,,,M,13,1,,,210,0,192.0.0.4,0,,,,,487,7,6A3C,2A09,6962183,25.8,499,samsung:SM-G975U:PPR1.180610.011,L7,20MHZ,2600,,,,,,,,,13,FALSE,,,,163,,,,,4G,,,,298,3350,-101,-14,,,4G,,,,450,3350,-108,-20,,,4G,,,,490,3350,-110,-20,,,4G,,,,299,3350,-111,-20,,,4G,,,,451,3350,-111,-20,,,,,,,,,,,,,,,,,,,,,,
13/07/2022,18:20:06,04,4,-0.2436786,51.7529457,0,-5,EE,-1.25,23430,2.34301E+14,27196-7,27196,7,10761,4G,LTE,-97,-9,9.8,-,-72,3350,0,0,452,0,1.4,27,N,I,,,,,,,,,,,M,13,1,,,245,0,192.0.0.4,2,,,,,491,7,6A3C,2A09,6962183,25.8,499,samsung:SM-G975U:PPR1.180610.011,L7,20MHZ,2600,,,,,,,,,13,FALSE,,,,157,,,,,4G,,,,298,3350,-103,-13,,,4G,,,,334,3350,-109,-19,,,4G,,,,457,3350,-111,-20,,,4G,,,,451,3350,-112,-20,,,4G,,,,299,3350,-113,-20,,,,,,,,,,,,,,,,,,,,,,
13/07/2022,18:20:09,03,3,-0.24324936,51.75280096,6,6,EE,2,23430,2.34301E+14,27196-7,27196,7,10761,4G,LTE,-94,-9,8,-,-71,3350,0,0,452,0,1.4,14,G,I,,,,,,,,,,,M,13,1,,,220,0,192.0.0.4,1,,,,,494,7,6A3C,2A09,6962183,25.8,499,samsung:SM-G975U:PPR1.180610.011,L7,20MHZ,2600,,,,,,,,,13,FALSE,,,,163,,,,,4G,,,,298,3350,-102,-13,,,4G,,,,457,3350,-107,-19,,,,,,,,,,,,,,,,,,,,,,,,,,,,,,,,,,,,,,,,,,,,,,,,,,,,
13/07/2022,18:20:10,01,1,-0.24324936,51.75280096,6,0,EE,0,23430,2.34301E+14,27196-7,27196,7,10761,4G,LTE,-97,-9,8,-,-71,3350,0,0,452,-1,1.4,14,G,I,,,,,,,,,,,M,13,1,,,220,0,192.0.0.4,1,,,,,495,7,6A3C,2A09,6962183,25.8,499,samsung:SM-G975U:PPR1.180610.011,L7,20MHZ,2600,,,,,,,,,13,FALSE,,,,163,,,,,4G,,,,298,3350,-101,-11,,,4G,,,,334,3350,-107,-18,,,4G,,,,490,3350,-110,-20,,,4G,,,,457,3350,-111,-20,,,,,,,,,,,,,,,,,,,,,,,,,,,,,,,,
13/07/2022,18:20:14,04,4,-0.24320707,51.75288896,7,1,EE,0.25,23430,2.34301E+14,27196-7,27196,7,10761,4G,LTE,-91,-6,9.2,-,-70,3350,0,0,452,0,1.4,14,G,I,,,,,,,,,,,M,13,1,,,229,0,192.0.0.4,0,,,,,499,7,6A3C,2A09,6962183,25.8,499,samsung:SM-G975U:PPR1.180610.011,L7,20MHZ,2600,,,,,,,,,13,FALSE,,,,164,,,,,4G,,,,298,3350,-108,-8,,,4G,,,,451,3350,-111,-20,,,4G,,,,299,3350,-114,-20,,,4G,,,,457,3350,-116,-18,,,4G,,,,447,3350,-119,-20,,,,,,,,,,,,,,,,,,,,,,
13/07/2022,18:20:20,06,6,-0.24317071,51.7529911,6,-1,EE,-0.166666667,23430,2.34301E+14,27196-7,27196,7,10761,4G,LTE,-91,-9,10.4,-,-66,3350,0,0,452,-1,1.4,14,G,I,,,,,,,,,,,M,13,1,,,239,0,192.0.0.4,0,,,,,505,7,6A3C,2A09,6962183,25.8,499,samsung:SM-G975U:PPR1.180610.011,L7,20MHZ,2600,,,,,,,,,13,FALSE,,,,166,,,,,4G,,,,299,3350,-102,-18,,,4G,,,,447,3350,-107,-20,,,4G,,,,457,3350,-109,-20,,,4G,,,,298,3350,-110,-18,,,,,,,,,,,,,,,,,,,,,,,,,,,,,,,,
13/07/2022,18:20:46,26,26,-0.2434838,51.7531393,0,-6,EE,-0.230769231,23430,2.34301E+14,27196-7,27196,7,10761,4G,LTE,-93,-8,12.4,-,-70,3350,0,0,452,-1,1.4,20,N,I,,,,,,,,,,,M,13,1,,,261,0,192.0.0.4,1,,,,,531,7,6A3C,2A09,6962183,25.8,499,samsung:SM-G975U:PPR1.180610.011,L7,20MHZ,2600,,,,,,,,,13,FALSE,,,,162,,,,,4G,,,,299,3350,-103,-18,,,4G,,,,298,3350,-107,-20,,,,,,,,,,,,,,,,,,,,,,,,,,,,,,,,,,,,,,,,,,,,,,,,,,,,
13/07/2022,18:20:48,02,2,-0.24314952,51.75308494,1,1,EE,0.5,23430,2.34301E+14,27196-7,27196,7,10761,4G,LTE,-93,-8,10.8,-,-70,3350,0,0,452,-1,1.4,15,G,D,,,,,,,,,,,M,13,1,,,249,0,192.0.0.4,1,,,,,532,7,6A3C,2A09,6962183,25.8,499,samsung:SM-G975U:PPR1.180610.011,L7,20MHZ,2600,,,,,,,,,13,FALSE,,,,167,,,,,4G,,,,299,3350,-103,-18,,,4G,,,,298,3350,-107,-20,,,,,,,,,,,,,,,,,,,,,,,,,,,,,,,,,,,,,,,,,,,,,,,,,,,,
13/07/2022,18:20:58,10,10,-0.24313267,51.75318344,4,3,EE,0.3,23430,2.34301E+14,27196-7,27196,7,10761,4G,LTE,-94,-6,7,-,-72,3350,0,0,452,-1,1.4,42,G,I,,,,,,,,,,,M,13,1,,,260,0,192.0.0.4,1,,,,,542,7,6A3C,2A09,6962183,25.8,499,samsung:SM-G975U:PPR1.180610.011,L7,20MHZ,2600,,,,,,,,,13,FALSE,,,,167,,,,,4G,,,,299,3350,-105,-17,,,4G,,,,457,3350,-108,-19,,,4G,,,,298,3350,-110,-13,,,4G,,,,451,3350,-110,-20,,,,,,,,,,,,,,,,,,,,,,,,,,,,,,,,
13/07/2022,18:21:06,08,8,-0.24313777,51.7532798,1,-3,EE,-0.375,23430,2.34301E+14,27196-7,27196,7,10761,4G,LTE,-94,-8,10.2,-,-68,3350,13,14,452,-1,1.4,53,G,D,,,,,,,,,,,M,13,1,,,270,0,192.0.0.4,0,,,,,550,7,6A3C,2A09,6962183,25.8,499,samsung:SM-G975U:PPR1.180610.011,L7,20MHZ,2600,,,,,,,,,13,FALSE,,,,168,,,,,4G,,,,451,3350,-99,-18,,,4G,,,,450,3350,-100,-20,,,4G,,,,298,3350,-101,-13,,,4G,,,,299,3350,-106,-20,,,,,,,,,,,,,,,,,,,,,,,,,,,,,,,,
13/07/2022,18:21:06,00,0,-0.2433517,51.7534299,0,-1,EE,0,23430,2.34301E+14,27196-7,27196,7,10761,4G,LTE,-92,-8,10.2,-,-68,3350,0,0,452,0,1.4,51,N,I,,,,,,,,,,,M,13,1,,,290,0,192.0.0.4,1,,,,,551,7,6A3C,2A09,6962183,25.8,499,samsung:SM-G975U:PPR1.180610.011,L7,20MHZ,2600,,,,,,,,,13,FALSE,,,,166,,,,,4G,,,,298,3350,-103,-10,,,4G,,,,334,3350,-104,-18,,,4G,,,,299,3350,-106,-20,,,4G,,,,457,3350,-109,-20,,,4G,,,,450,3350,-109,-20,,,,,,,,,,,,,,,,,,,,,,
13/07/2022,18:21:14,08,8,-0.2430772,51.75336828,4,4,EE,0.5,23430,2.34301E+14,27196-7,27196,7,10761,4G,LTE,-98,-8,10.8,-,-73,3350,0,0,452,0,1.4,16,G,D,,,,,,,,,,,M,13,1,,,279,0,192.0.0.4,1,,,,,558,7,6A3C,2A09,6962183,25.8,499,samsung:SM-G975U:PPR1.180610.011,L7,20MHZ,2600,,,,,,,,,13,FALSE,,,,169,,,,,4G,,,,298,3350,-105,-11,,,4G,,,,299,3350,-111,-20,,,4G,,,,457,3350,-114,-20,,,4G,,,,450,3350,-114,-20,,,4G,,,,237,3350,-117,-19,,,,,,,,,,,,,,,,,,,,,,
13/07/2022,18:21:22,08,8,-0.24300751,51.75345456,4,0,EE,0,23430,2.34301E+14,27196-7,27196,7,10761,4G,LTE,-96,-10,5.2,-,-70,3350,0,0,452,0,1.4,15,G,I,,,,,,,,,,,M,13,1,,,288,0,192.0.0.4,0,,,,,566,7,6A3C,2A09,6962183,25.8,499,samsung:SM-G975U:PPR1.180610.011,L7,20MHZ,2600,,,,,,,,,13,FALSE,,,,170,,,,,4G,,,,299,3350,-106,-20,,,4G,,,,271,3350,-106,-20,,,4G,,,,298,3350,-107,-20,,,4G,,,,450,3350,-109,-20,,,4G,,,,457,3350,-112,-20,,,,,,,,,,,,,,,,,,,,,,
13/07/2022,18:21:26,04,4,-0.24296642,51.75347282,4,0,EE,0,23430,2.34301E+14,27196-7,27196,7,10761,4G,LTE,-94,-7,3.8,-,-70,3350,0,0,452,0,1.4,16,G,I,,,,,,,,,,,M,13,1,,,288,0,192.0.0.4,1,,,,,571,7,6A3C,2A09,6962183,25.8,499,samsung:SM-G975U:PPR1.180610.011,L7,20MHZ,2600,,,,,,,,,13,FALSE,,,,170,,,,,4G,,,,298,3350,-106,-14,,,4G,,,,450,3350,-109,-20,,,4G,,,,299,3350,-110,-20,,,4G,,,,457,3350,-111,-18,,,4G,,,,271,3350,-112,-20,,,,,,,,,,,,,,,,,,,,,,
13/07/2022,18:21:27,01,1,-0.2423769,51.7534317,0,-4,EE,-4,23430,2.34301E+14,27196-7,27196,7,10761,4G,LTE,-94,-7,4,-,-72,3350,0,0,452,0,1.4,38,N,I,,,,,,,,,,,M,13,1,,,281,0,192.0.0.4,1,,,,,571,7,6A3C,2A09,6962183,25.8,499,samsung:SM-G975U:PPR1.180610.011,L7,20MHZ,2600,,,,,,,,,13,FALSE,,,,179,,,,,4G,,,,298,3350,-106,-14,,,4G,,,,450,3350,-109,-20,,,4G,,,,299,3350,-110,-20,,,4G,,,,457,3350,-111,-18,,,4G,,,,271,3350,-112,-20,,,,,,,,,,,,,,,,,,,,,,
13/07/2022,18:21:29,02,2,-0.24286105,51.7535066,6,6,EE,3,23430,2.34301E+14,27196-7,27196,7,10761,4G,LTE,-97,-7,6,-,-73,3350,0,0,452,0,1.4,17,G,I,,,,,,,,,,,M,13,1,,,292,0,192.0.0.4,0,,,,,573,7,6A3C,2A09,6962183,25.8,499,samsung:SM-G975U:PPR1.180610.011,L7,20MHZ,2600,,,,,,,,,13,FALSE,,,,172,,,,,4G,,,,450,3350,-110,-20,,,4G,,,,298,3350,-111,-18,,,4G,,,,457,3350,-113,-20,,,4G,,,,271,3350,-115,-20,,,4G,,,,495,3350,-115,-20,,,4G,,,,299,3350,-116,-20,,,4G,,,,237,3350,-117,-19,,
13/07/2022,18:21:37,08,8,-0.24271176,51.75346249,3,-3,EE,-0.375,23430,2.34301E+14,27196-7,27196,7,10761,4G,LTE,-96,-9,9.8,-,-71,3350,0,0,452,0,1.4,14,G,I,,,,,,,,,,,M,13,1,,,286,0,192.0.0.4,1,,,,,581,7,6A3C,2A09,6962183,25.8,499,samsung:SM-G975U:PPR1.180610.011,L7,20MHZ,2600,,,,,,,,,13,FALSE,,,,174,,,,,4G,,,,298,3350,-106,-14,,,4G,,,,271,3350,-111,-20,,,4G,,,,457,3350,-112,-19,,,4G,,,,447,3350,-112,-20,,,4G,,,,394,3350,-112,-20,,,4G,,,,299,3350,-114,-20,,,4G,,,,237,3350,-116,-18,,
13/07/2022,18:21:39,02,2,-0.24267287,51.75343671,4,1,EE,0.5,23430,2.34301E+14,27196-7,27196,7,10761,4G,LTE,-96,-7,9.8,-,-71,3350,0,0,452,0,1.4,14,G,I,,,,,,,,,,,M,13,1,,,286,0,192.0.0.4,1,,,,,583,7,6A3C,2A09,6962183,25.8,499,samsung:SM-G975U:PPR1.180610.011,L7,20MHZ,2600,,,,,,,,,13,FALSE,,,,174,,,,,4G,,,,299,3350,-109,-17,,,4G,,,,457,3350,-112,-20,,,4G,,,,394,3350,-112,-20,,,4G,,,,298,3350,-114,-20,,,4G,,,,237,3350,-116,-14,,,4G,,,,271,3350,-120,-20,,,4G,,,,447,3350,-120,-20,,
13/07/2022,18:21:45,06,6,-0.24260251,51.75340271,3,-1,EE,-0.166666667,23430,2.34301E+14,27196-7,27196,7,10761,4G,LTE,-94,-8,13.4,-,-72,3350,0,0,452,1,1.4,14,G,I,,,,,,,,,,,M,13,1,,,279,0,192.0.0.4,1,,,,,589,7,6A3C,2A09,6962183,25.8,499,samsung:SM-G975U:PPR1.180610.011,L7,20MHZ,2600,,,,,,,,,13,FALSE,,,,176,,,,,4G,,,,298,3350,-113,-20,,,,,,,,,,,,,,,,,,,,,,,,,,,,,,,,,,,,,,,,,,,,,,,,,,,,,,,,,,,,,,
13/07/2022,18:21:47,02,2,-0.2421859,51.7534307,0,-3,EE,-1.5,23430,2.34301E+14,27196-7,27196,7,10761,4G,LTE,-99,-9,13.4,-,-72,3350,0,0,452,1,1.4,21,N,I,,,,,,,,,,,M,13,1,,,281,0,192.0.0.4,1,,,,,591,7,6A3C,2A09,6962183,25.8,499,samsung:SM-G975U:PPR1.180610.011,L7,20MHZ,2600,,,,,,,,,13,FALSE,,,,183,,,,,4G,,,,298,3350,-113,-18,,,,,,,,,,,,,,,,,,,,,,,,,,,,,,,,,,,,,,,,,,,,,,,,,,,,,,,,,,,,,,
13/07/2022,18:21:49,02,2,-0.24252287,51.75348234,3,3,EE,1.5,23430,2.34301E+14,27196-7,27196,7,10761,4G,LTE,-98,-6,14.8,-,-74,3350,0,0,452,1,1.4,14,G,I,,,,,,,,,,,M,13,1,,,287,0,192.0.0.4,1,,,,,593,7,6A3C,2A09,6962183,25.8,499,samsung:SM-G975U:PPR1.180610.011,L7,20MHZ,2600,,,,,,,,,13,FALSE,,,,177,,,,,4G,,,,298,3350,-114,-18,,,,,,,,,,,,,,,,,,,,,,,,,,,,,,,,,,,,,,,,,,,,,,,,,,,,,,,,,,,,,,
13/07/2022,18:21:52,03,3,-0.24248981,51.75346816,3,0,EE,0,23430,2.34301E+14,27196-7,27196,7,10761,4G,LTE,-99,-6,14.8,-,-74,3350,30,0,452,2,1.4,14,G,D,,,,,,,,,,,M,13,1,,,287,0,192.0.0.4,2,,,,,596,7,6A3C,2A09,6962183,25.8,499,samsung:SM-G975U:PPR1.180610.011,L7,20MHZ,2600,,,,,,,,,13,FALSE,,,,177,,,,,4G,,,,298,3350,-113,-17,,,4G,,,,237,3350,-115,-9,,,4G,,,,457,3350,-116,-20,,,,,,,,,,,,,,,,,,,,,,,,,,,,,,,,,,,,,,,,,,
13/07/2022,18:21:55,03,3,-0.24238128,51.75350309,7,4,EE,1.333333333,23430,2.34301E+14,27196-7,27196,7,10761,4G,LTE,-98,-7,14.6,-,-74,3350,0,0,452,1,1.4,13,G,D,,,,,,,,,,,M,13,1,,,289,0,192.0.0.4,1,,,,,599,7,6A3C,2A09,6962183,25.8,499,samsung:SM-G975U:PPR1.180610.011,L7,20MHZ,2600,,,,,,,,,13,FALSE,,,,179,,,,,4G,,,,237,3350,-111,-9,,,4G,,,,298,3350,-115,-20,,,4G,,,,457,3350,-116,-20,,,4G,,,,447,3350,-117,-20,,,,,,,,,,,,,,,,,,,,,,,,,,,,,,,,
13/07/2022,18:21:56,01,1,-0.24238128,51.75350309,7,0,EE,0,23430,2.34301E+14,27196-7,27196,7,10761,4G,LTE,-98,-7,14.6,-,-74,3350,0,0,452,1,1.4,13,G,I,,,,,,,,,,,M,13,1,,,289,0,192.0.0.4,1,PERIODIC,,,,600,7,6A3C,2A09,6962183,25.8,499,samsung:SM-G975U:PPR1.180610.011,L7,20MHZ,2600,,,,,,,,,13,FALSE,,,,179,,,,,4G,,,,237,3350,-111,-9,,,4G,,,,298,3350,-115,-20,,,4G,,,,457,3350,-116,-20,,,4G,,,,447,3350,-117,-20,,,,,,,,,,,,,,,,,,,,,,,,,,,,,,,,
13/07/2022,18:22:01,05,5,-0.2422292,51.75350898,7,0,EE,0,23430,2.34301E+14,27196-7,27196,7,10761,4G,LTE,-95,-6,15.6,-,-72,3350,0,0,452,1,1.4,13,G,I,,,,,,,,,,,M,13,1,,,290,0,192.0.0.4,1,,,,,605,7,6A3C,2A09,6962183,25.8,499,samsung:SM-G975U:PPR1.180610.011,L7,20MHZ,2600,,,,,,,,,13,FALSE,,,,182,,,,,4G,,,,457,3350,-109,-19,,,4G,,,,237,3350,-112,-10,,,4G,,,,298,3350,-116,-20,,,4G,,,,447,3350,-117,-20,,,,,,,,,,,,,,,,,,,,,,,,,,,,,,,,
13/07/2022,18:22:13,12,12,-0.24207673,51.75349655,4,-3,EE,-0.25,23430,2.34301E+14,27196-7,27196,7,10761,4G,LTE,-101,-7,13.8,-,-75,3350,0,0,452,1,1.4,11,G,I,,,,,,,,,,,M,13,1,,,289,0,192.0.0.4,1,,,,,617,7,6A3C,2A09,6962183,25.8,499,samsung:SM-G975U:PPR1.180610.011,L7,20MHZ,2600,,,,,,,,,13,FALSE,,,,184,,,,,4G,,,,237,3350,-111,-10,,,4G,,,,298,3350,-116,-18,,,4G,,,,451,3350,-116,-20,,,4G,,,,334,3350,-117,-20,,,4G,,,,457,3350,-118,-20,,,4G,,,,495,3350,-121,-20,,,,,,,,,,,,
13/07/2022,18:22:23,10,10,-0.24191508,51.75349095,7,3,EE,0.3,23430,2.34301E+14,27196-7,27196,7,10761,4G,LTE,-99,-7,12.4,-,-73,3350,0,0,452,2,1.4,12,G,I,,,,,,,,,,,M,13,1,,,289,0,192.0.0.4,1,,,,,627,7,6A3C,2A09,6962183,25.8,499,samsung:SM-G975U:PPR1.180610.011,L7,20MHZ,2600,,,,,,,,,13,FALSE,,,,186,,,,,4G,,,,298,3350,-107,-12,,,4G,,,,237,3350,-108,-8,,,4G,,,,447,3350,-114,-20,,,4G,,,,457,3350,-115,-20,,,4G,,,,399,3350,-117,-20,,,4G,,,,225,3350,-119,-19,,,,,,,,,,,,
13/07/2022,18:22:27,04,4,-0.2419411,51.7534223,0,-7,EE,-1.75,23430,2.34301E+14,27196-7,27196,7,10761,4G,LTE,-98,-6,12.4,-,-73,3350,0,0,452,2,1.4,15,N,I,,,,,,,,,,,M,13,1,,,282,0,192.0.0.4,1,,,,,631,7,6A3C,2A09,6962183,25.8,499,samsung:SM-G975U:PPR1.180610.011,L7,20MHZ,2600,,,,,,,,,13,FALSE,,,,186,,,,,4G,,,,298,3350,-112,-15,,,4G,,,,334,3350,-112,-20,,,4G,,,,447,3350,-114,-19,,,4G,,,,457,3350,-116,-20,,,4G,,,,237,3350,-116,-10,,,,,,,,,,,,,,,,,,,,,,
13/07/2022,18:22:31,04,4,-0.24181104,51.75352445,5,5,EE,1.25,23430,2.34301E+14,,12279,10,10761,4G,LTE,-109,-11,11.8,-,-73,3179,0,0,298,2,1.4,12,G,I,,,,,,,,,,,M,13,1,,,282,0,192.0.0.4,,CELL_RESELECTION_4G4G,234-30-10761-27196-7-3350-452:234-30-10761-12279-10-3179-298,,,634,A,2FF7,2A09,3143434,25.8,499,samsung:SM-G975U:PPR1.180610.011,L7,20MHZ,2600,,,,,,,,,13,FALSE,,,,186,,,,,4G,,,,237,3179,-107,-16,,,4G,27196-7,27196-7,,452,3179,-109,-9,294,188,4G,,,,457,3179,-114,-19,,,4G,,,,447,3179,-118,-20,,,,,,,,,,,,,,,,,,,,,,,,,,,,,,,,
13/07/2022,18:22:31,00,0,-0.24181104,51.75352445,5,0,EE,0,23430,2.34301E+14,12279-10,12279,10,10761,4G,LTE,-109,-11,11.8,-,-73,3179,0,0,298,3,1.4,12,G,I,,,,,,,,,,,M,13,1,,,0,0,192.0.0.4,,,,,,1,A,2FF7,2A09,3143434,25.8,499,samsung:SM-G975U:PPR1.180610.011,L7,20MHZ,2600,,,,,,,,,13,FALSE,,,,0,,,,,4G,,,,237,3179,-107,-16,,,4G,27196-7,27196-7,,452,3179,-109,-9,294,188,4G,,,,457,3179,-114,-19,,,4G,,,,447,3179,-118,-20,,,,,,,,,,,,,,,,,,,,,,,,,,,,,,,,
13/07/2022,18:22:33,02,2,-0.24178732,51.75354424,4,-1,EE,-0.5,23430,2.34301E+14,12279-10,12279,10,10761,4G,LTE,-109,-11,9.4,-,-81,3179,39,25,298,3,1.4,13,G,D,,,,,,,,,,,M,13,1,,,2,0,192.0.0.4,,,,,,3,A,2FF7,2A09,3143434,25.8,499,samsung:SM-G975U:PPR1.180610.011,L7,20MHZ,2600,,,,,,,,,13,FALSE,,,,217,,,,,4G,,,,237,3179,-107,-16,,,4G,27196-7,27196-7,,452,3179,-109,-9,296,188,4G,,,,457,3179,-114,-19,,,4G,,,,447,3179,-118,-20,,,,,,,,,,,,,,,,,,,,,,,,,,,,,,,,
13/07/2022,18:22:39,06,6,-0.24163037,51.75356134,4,0,EE,0,23430,2.34301E+14,27196-10,27196,10,10761,4G,LTE,-103,-10,5.8,-,-75,3179,0,0,452,3,1.4,16,G,I,,,,,,,,,,,M,13,1,,,11,0,192.0.0.4,1,,,,,6,A,6A3C,2A09,6962186,25.8,499,samsung:SM-G975U:PPR1.180610.011,L7,20MHZ,2600,,,,,,,,,13,FALSE,,,,261,,,,,4G,12279-10,12279-10,,298,3179,-107,-11,11,253,4G,,,,457,3179,-116,-18,,,4G,,,,447,3179,-116,-18,,,4G,,,,271,3179,-116,-19,,,4G,,,,164,3179,-119,-19,,,4G,,,,450,3179,-120,-20,,,4G,,,,237,3179,-123,-20,,
13/07/2022,18:22:47,08,8,-0.2414616,51.7534518,0,-4,EE,-0.5,23430,2.34301E+14,27196-10,27196,10,10761,4G,LTE,-104,-10,7.4,-,-76,3179,0,0,452,3,1.4,24,N,I,,,,,,,,,,,M,13,1,,,24,0,192.0.0.4,1,,,,,13,A,6A3C,2A09,6962186,25.8,499,samsung:SM-G975U:PPR1.180610.011,L7,20MHZ,2600,,,,,,,,,13,FALSE,,,,295,,,,,4G,12279-10,12279-10,,298,3179,-108,-11,15,287,4G,,,,297,3179,-115,-19,,,4G,,,,457,3179,-116,-20,,,4G,,,,447,3179,-116,-18,,,4G,,,,271,3179,-116,-20,,,4G,,,,490,3179,-117,-17,,,,,,,,,,,,
13/07/2022,18:22:47,00,0,-0.24158516,51.75347032,4,4,EE,0,23430,2.34301E+14,27196-10,27196,10,10761,4G,LTE,-104,-10,7.4,-,-76,3179,0,0,452,3,1.4,14,G,I,,,,,,,,,,,M,13,1,,,16,0,,1,,,,,13,A,6A3C,2A09,6962186,25.8,499,samsung:SM-G975U:PPR1.180610.011,L7,20MHZ,2600,,,,,,,,,13,FALSE,,,,301,,,,,4G,12279-10,12279-10,,298,3179,-108,-11,25,289,4G,,,,297,3179,-115,-19,,,4G,,,,457,3179,-116,-20,,,4G,,,,447,3179,-116,-18,,,4G,,,,271,3179,-116,-20,,,4G,,,,490,3179,-117,-17,,,,,,,,,,,,
13/07/2022,18:22:54,07,7,-0.24152082,51.75342981,1,-3,EE,-0.428571429,23430,2.34301E+14,27196-10,27196,10,10761,4G,LTE,-105,-9,8.4,-,-77,3179,0,0,452,4,1.4,14,G,I,,,,,,,,,,,M,13,1,,,16,0,192.0.0.4,1,,,,,20,A,6A3C,2A09,6962186,25.8,499,samsung:SM-G975U:PPR1.180610.011,L7,20MHZ,2600,,,,,,,,,13,FALSE,,,,301,,,,,4G,12279-10,12279-10,,298,3179,-113,-12,22,298,4G,,,,447,3179,-118,-18,,,4G,,,,271,3179,-120,-20,,,4G,,,,299,3179,-120,-20,,,4G,,,,457,3179,-122,-20,,,4G,,,,237,3179,-124,-19,,,4G,,,,450,3179,-125,-20,,
13/07/2022,18:23:01,07,7,-0.24143226,51.75346987,4,3,EE,0.428571429,23430,2.34301E+14,27196-4,27196,4,10761,4G,LTE,-98,-7,7.4,-,-73,1815,0,0,452,4,1.4,15,G,I,,,,,,,,,,,M,13,1,,,0,0,192.0.0.4,,,,,,1,4,6A3C,2A09,6962180,25.8,499,samsung:SM-G975U:PPR1.180610.011,L3,20MHZ,1800,,,,,,,,,13,FALSE,,,,287,,,,,4G,12279-10,12279-10,,298,1815,-104,-11,25,283,4G,,,,489,1815,-115,-16,,,,,,,,,,,,,,,,,,,,,,,,,,,,,,,,,,,,,,,,,,,,,,,,,,,,
13/07/2022,18:23:07,06,6,-0.2412236,51.7535106,0,-4,EE,-0.666666667,23430,2.34301E+14,27196-4,27196,4,10761,4G,LTE,-102,-8,7.4,-,-73,1815,0,0,452,4,1.4,16,N,I,,,,,,,,,,,M,13,1,,,15,0,192.0.0.4,,,,,,7,4,6A3C,2A09,6962180,25.8,499,samsung:SM-G975U:PPR1.180610.011,L3,20MHZ,1800,,,,,,,,,13,FALSE,,,,255,,,,,4G,12279-10,12279-10,,298,1815,-104,-7,32,280,4G,,,,403,1815,-117,-19,,,4G,,,,489,1815,-121,-20,,,,,,,,,,,,,,,,,,,,,,,,,,,,,,,,,,,,,,,,,,
13/07/2022,18:23:14,07,7,-0.24128401,51.75344313,2,2,EE,0.285714286,23430,2.34301E+14,27196-4,27196,4,10761,4G,LTE,-101,-8,8.8,-,-74,1815,0,0,452,4,1.4,14,G,I,,,,,,,,,,,M,13,1,,,11,0,192.0.0.4,2,,,,,14,4,6A3C,2A09,6962180,25.8,499,samsung:SM-G975U:PPR1.180610.011,L3,20MHZ,1800,,,,,,,,,13,FALSE,,,,287,,,,,4G,12279-10,12279-10,,298,1815,-107,-12,36,284,4G,,,,451,1815,-113,-20,,,4G,,,,403,1815,-113,-18,,,4G,,,,299,1815,-115,-20,,,4G,,,,489,1815,-117,-20,,,,,,,,,,,,,,,,,,,,,,
13/07/2022,18:23:17,03,3,-0.24124357,51.75344559,3,1,EE,0.333333333,23430,2.34301E+14,27196-4,27196,4,10761,4G,LTE,-102,-9,9.2,-,-74,1815,1309,39,452,5,1.4,14,G,D,,,,,,,,,,,M,13,1,,,11,0,192.0.0.4,2,,,,,17,4,6A3C,2A09,6962180,25.8,499,samsung:SM-G975U:PPR1.180610.011,L3,20MHZ,1800,,,,,,,,,13,FALSE,,,,287,,,,,4G,12279-10,12279-10,,298,1815,-107,-10,40,283,4G,,,,403,1815,-116,-19,,,4G,,,,489,1815,-116,-20,,,4G,,,,297,1815,-117,-20,,,4G,,,,299,1815,-118,-20,,,,,,,,,,,,,,,,,,,,,,
13/07/2022,18:23:20,03,3,-0.24113202,51.75345094,4,1,EE,0.333333333,23430,2.34301E+14,27196-4,27196,4,10761,4G,LTE,-104,-10,8.2,-,-75,1815,0,0,452,5,1.4,14,G,D,,,,,,,,,,,M,13,1,,,21,0,192.0.0.4,2,,,,,20,4,6A3C,2A09,6962180,25.8,499,samsung:SM-G975U:PPR1.180610.011,L3,20MHZ,1800,,,,,,,,,13,FALSE,,,,277,,,,,4G,12279-10,12279-10,,298,1815,-106,-9,45,281,4G,,,,403,1815,-113,-19,,,4G,,,,404,1815,-113,-19,,,4G,,,,299,1815,-114,-20,,,4G,,,,208,1815,-114,-20,,,4G,,,,297,1815,-115,-20,,,4G,,,,489,1815,-117,-20,,
13/07/2022,18:23:27,07,7,-0.2410272,51.7535055,0,-4,EE,-0.571428571,23430,2.34301E+14,27196-4,27196,4,10761,4G,LTE,-103,-10,6.6,-,-74,1815,1,1,452,4,1.4,17,N,D,,,,,,,,,,,M,13,1,,,29,0,192.0.0.4,3,,,,,28,4,6A3C,2A09,6962180,25.8,499,samsung:SM-G975U:PPR1.180610.011,L3,20MHZ,1800,,,,,,,,,13,FALSE,,,,263,,,,,4G,12279-10,12279-10,,298,1815,-108,-8,51,288,4G,,,,451,1815,-111,-16,,,4G,,,,299,1815,-116,-18,,,4G,,,,489,1815,-118,-20,,,4G,,,,184,1815,-118,-18,,,4G,,,,404,1815,-119,-20,,,,,,,,,,,,
13/07/2022,18:23:33,06,6,-0.24098297,51.75347275,3,3,EE,0.5,23430,2.34301E+14,27196-4,27196,4,10761,4G,LTE,-103,-11,4.8,-,-72,1815,0,0,452,4,1.4,13,G,I,,,,,,,,,,,M,13,1,,,31,0,192.0.0.4,2,,,,,33,4,6A3C,2A09,6962180,25.8,499,samsung:SM-G975U:PPR1.180610.011,L3,20MHZ,1800,,,,,,,,,13,FALSE,,,,270,,,,,4G,12279-10,12279-10,,298,1815,-103,-10,55,278,4G,,,,299,1815,-112,-18,,,4G,,,,489,1815,-116,-20,,,4G,,,,184,1815,-117,-18,,,4G,,,,297,1815,-119,-20,,,,,,,,,,,,,,,,,,,,,,
13/07/2022,18:23:40,07,7,-0.24082481,51.75346749,4,1,EE,0.142857143,23430,2.34301E+14,27196-4,27196,4,10761,4G,LTE,-102,-10,2.6,-,-74,1815,0,0,452,5,1.4,14,G,I,,,,,,,,,,,M,13,1,,,42,0,192.0.0.4,3,,,,,40,4,6A3C,2A09,6962180,25.8,499,samsung:SM-G975U:PPR1.180610.011,L3,20MHZ,1800,,,,,,,,,13,FALSE,,,,271,,,,,4G,12279-10,12279-10,,298,1815,-104,-10,67,276,4G,,,,403,1815,-109,-16,,,4G,,,,299,1815,-112,-18,,,4G,,,,451,1815,-112,-18,,,4G,,,,184,1815,-112,-17,,,4G,,,,489,1815,-118,-20,,,,,,,,,,,,
13/07/2022,18:23:47,07,7,-0.2406764,51.7535598,0,-4,EE,-0.571428571,23430,2.34301E+14,27196-4,27196,4,10761,4G,LTE,-98,-9,3.6,-,-72,1815,0,2,452,4,1.4,53,N,D,,,,,,,,,,,M,13,1,,,53,0,192.0.0.4,3,,,,,47,4,6A3C,2A09,6962180,25.8,499,samsung:SM-G975U:PPR1.180610.011,L3,20MHZ,1800,,,,,,,,,13,FALSE,,,,260,,,,,,,,,,,,,,,,,,,,,,,,,,,,,,,,,,,,,,,,,,,,,,,,,,,,,,,,,,,,,,,,,,,,,,,,,,
13/07/2022,18:23:48,01,1,-0.24068972,51.75343051,4,4,EE,4,23430,2.34301E+14,27196-4,27196,4,10761,4G,LTE,-100,-8,5.8,-,-74,1815,0,0,452,5,1.4,13,G,I,,,,,,,,,,,M,13,1,,,52,0,192.0.0.4,3,,,,,48,4,6A3C,2A09,6962180,25.8,499,samsung:SM-G975U:PPR1.180610.011,L3,20MHZ,1800,,,,,,,,,13,FALSE,,,,276,,,,,4G,12279-10,12279-10,,298,1815,-108,-11,78,268,4G,,,,451,1815,-111,-17,,,4G,,,,299,1815,-115,-19,,,4G,,,,403,1815,-116,-20,,,4G,,,,450,1815,-116,-20,,,4G,,,,489,1815,-117,-20,,,4G,,,,184,1815,-117,-19,,
13/07/2022,18:23:54,06,6,-0.24061882,51.75335044,2,-2,EE,-0.333333333,23430,2.34301E+14,27196-4,27196,4,10761,4G,LTE,-99,-10,7,-,-72,1815,0,0,452,4,1.4,13,G,I,,,,,,,,,,,M,13,1,,,58,0,192.0.0.4,2,,,,,54,4,6A3C,2A09,6962180,25.8,499,samsung:SM-G975U:PPR1.180610.011,L3,20MHZ,1800,,,,,,,,,13,FALSE,,,,284,,,,,4G,12279-10,12279-10,,298,1815,-105,-14,83,282,4G,,,,299,1815,-111,-19,,,4G,,,,450,1815,-111,-19,,,4G,,,,297,1815,-113,-20,,,4G,,,,489,1815,-115,-20,,,4G,,,,184,1815,-116,-19,,,,,,,,,,,,
13/07/2022,18:23:59,05,5,-0.24053332,51.75331105,1,-1,EE,-0.2,23430,2.34301E+14,27196-7,27196,7,10761,4G,LTE,-103,-8,7.2,-,-75,3350,0,0,452,5,1.4,14,G,I,,,,,,,,,,,M,13,1,,,295,0,192.0.0.4,,CELL_RESELECTION_4G4G,234-30-10761-27196-4-1815-452:234-30-10761-27196-7-3350-452,,,59,7,6A3C,2A09,6962183,25.8,499,samsung:SM-G975U:PPR1.180610.011,L7,20MHZ,2600,,,,,,,,,13,FALSE,,,,205,,,,,4G,27196-4,27196-4,,452,1815,-97,-11,65,286,4G,,,,450,1815,-103,-18,,,4G,12279-10,12279-10,,298,3350,-104,-7,91,286,4G,,,,299,1815,-104,-18,,,4G,,,,489,1815,-108,-20,,,4G,12279-10,12279-10,,298,3179,-108,-9,91,286,4G,12279-10,12279-10,,298,1815,-110,-19,91,286
13/07/2022,18:24:07,08,8,-0.2402644,51.7532913,0,-1,EE,-0.125,23430,2.34301E+14,27196-7,27196,7,10761,4G,LTE,-102,-9,6.4,-,-74,3350,0,0,452,5,1.4,29,N,I,,,,,,,,,,,M,13,1,,,302,0,192.0.0.4,,,,,,8,7,6A3C,2A09,6962183,25.8,499,samsung:SM-G975U:PPR1.180610.011,L7,20MHZ,2600,,,,,,,,,13,FALSE,,,,209,,,,,4G,27196-4,27196-4,,452,1815,-97,-11,67,286,4G,,,,450,1815,-103,-18,,,4G,12279-10,12279-10,,298,3350,-104,-11,93,285,4G,,,,299,1815,-104,-18,,,4G,,,,489,1815,-108,-20,,,4G,12279-10,12279-10,,298,3179,-108,-9,93,285,4G,,,,241,3350,-110,-17,,
13/07/2022,18:24:08,01,1,-0.24046969,51.75331809,3,3,EE,3,23430,2.34301E+14,27196-7,27196,7,10761,4G,LTE,-102,-9,5.6,-,-75,3350,0,0,452,5,1.4,13,G,I,,,,,,,,,,,M,13,1,,,298,0,192.0.0.4,,,,,,9,7,6A3C,2A09,6962183,25.8,499,samsung:SM-G975U:PPR1.180610.011,L7,20MHZ,2600,,,,,,,,,13,FALSE,,,,206,,,,,4G,27196-4,27196-4,,452,1815,-97,-11,83,284,4G,,,,450,1815,-103,-18,,,4G,12279-10,12279-10,,298,3350,-104,-11,109,284,4G,,,,299,1815,-104,-18,,,4G,,,,489,1815,-108,-20,,,4G,12279-10,12279-10,,298,3179,-108,-9,109,284,4G,,,,241,3350,-110,-17,,
13/07/2022,18:24:17,09,9,-0.2403455,51.75331129,4,1,EE,0.111111111,23430,2.34301E+14,27196-7,27196,7,10761,4G,LTE,-104,-8,4,-,-74,3350,7,7,452,6,1.4,12,G,D,,,,,,,,,,,M,13,1,,,298,0,192.0.0.4,3,,,,,18,7,6A3C,2A09,6962183,25.8,499,samsung:SM-G975U:PPR1.180610.011,L7,20MHZ,2600,,,,,,,,,13,FALSE,,,,206,,,,,4G,12279-10,12279-10,,298,3350,-108,-11,103,284,4G,,,,457,3350,-115,-17,,,4G,,,,447,3350,-116,-19,,,4G,,,,271,3350,-116,-20,,,4G,,,,164,3350,-118,-19,,,4G,,,,225,3350,-120,-14,,,4G,,,,394,3350,-121,-18,,
13/07/2022,18:24:18,01,1,-0.24031438,51.75331189,6,2,EE,2,23430,2.34301E+14,27196-7,27196,7,10761,4G,LTE,-104,-8,4,-,-74,3350,0,0,452,5,1.4,12,G,I,,,,,,,,,,,M,13,1,,,302,0,192.0.0.4,3,,,,,19,7,6A3C,2A09,6962183,25.8,499,samsung:SM-G975U:PPR1.180610.011,L7,20MHZ,2600,,,,,,,,,13,FALSE,,,,208,,,,,4G,12279-10,12279-10,,298,3350,-108,-11,103,284,4G,,,,457,3350,-115,-17,,,4G,,,,447,3350,-116,-19,,,4G,,,,271,3350,-116,-20,,,4G,,,,164,3350,-118,-19,,,4G,,,,225,3350,-120,-14,,,4G,,,,394,3350,-121,-18,,
13/07/2022,18:24:25,07,7,-0.24014369,51.75332567,4,-2,EE,-0.285714286,23430,2.34301E+14,27196-7,27196,7,10761,4G,LTE,-108,-10,4.8,-,-76,3350,0,0,452,6,1.4,14,G,I,,,,,,,,,,,M,13,1,,,309,0,192.0.0.4,1,,,,,26,7,6A3C,2A09,6962183,25.8,499,samsung:SM-G975U:PPR1.180610.011,L7,20MHZ,2600,,,,,,,,,13,FALSE,,,,210,,,,,4G,,,,457,3350,-112,-13,,,4G,,,,225,3350,-113,-12,,,4G,12279-10,12279-10,,298,3350,-114,-15,114,282,4G,,,,339,3350,-118,-19,,,4G,,,,447,3350,-119,-19,,,4G,,,,241,3350,-120,-20,,,4G,,,,271,3350,-122,-20,,
13/07/2022,18:24:27,02,2,-0.2400268,51.7533794,0,-4,EE,-2,23430,2.34301E+14,27196-7,27196,7,10761,4G,LTE,-110,-10,6,-,-78,3350,34,16,452,6,1.4,35,N,D,,,,,,,,,,,M,13,1,,,318,0,192.0.0.4,1,,,,,28,7,6A3C,2A09,6962183,25.8,499,samsung:SM-G975U:PPR1.180610.011,L7,20MHZ,2600,,,,,,,,,13,FALSE,,,,211,,,,,4G,12279-10,12279-10,,298,3350,-111,-10,119,281,4G,,,,457,3350,-114,-13,,,4G,,,,271,3350,-118,-16,,,4G,,,,241,3350,-119,-19,,,4G,,,,225,3350,-119,-13,,,4G,,,,339,3350,-120,-20,,,4G,,,,447,3350,-123,-19,,
13/07/2022,18:24:28,01,1,-0.2400268,51.7533794,0,0,EE,0,23430,2.34301E+14,27196-7,27196,7,10761,4G,LTE,-110,-10,6,-,-78,3350,0,0,452,7,1.4,35,N,D,,,,,,,,,,,M,13,1,,,318,0,192.0.0.4,1,,,,,29,7,6A3C,2A09,6962183,25.8,499,samsung:SM-G975U:PPR1.180610.011,L7,20MHZ,2600,,,,,,,,,13,FALSE,,,,211,,,,,4G,12279-10,12279-10,,298,3350,-111,-10,124,278,4G,,,,457,3350,-114,-13,,,4G,,,,271,3350,-118,-16,,,4G,,,,241,3350,-119,-19,,,4G,,,,225,3350,-119,-13,,,4G,,,,339,3350,-120,-20,,,4G,,,,447,3350,-123,-19,,
13/07/2022,18:24:38,10,10,-0.24001575,51.75326635,4,4,EE,0.4,23430,2.34301E+14,27196-7,27196,7,10761,4G,LTE,-112,-11,3.4,-,-78,3350,56,20,452,7,1.4,14,G,D,,,,,,,,,,,M,13,1,,,308,0,192.0.0.4,2,,,,,39,7,6A3C,2A09,6962183,25.8,499,samsung:SM-G975U:PPR1.180610.011,L7,20MHZ,2600,,,,,,,,,13,FALSE,,,,212,,,,,4G,,,,457,3350,-116,-12,,,4G,12279-10,12279-10,,298,3350,-117,-13,125,283,4G,,,,334,3350,-118,-17,,,4G,,,,241,3350,-120,-17,,,4G,,,,164,3350,-123,-19,,,4G,,,,447,3350,-124,-20,,,4G,,,,225,3350,-129,-18,,
13/07/2022,18:24:42,04,4,-0.23998467,51.75323696,3,-1,EE,-0.25,23430,2.34301E+14,27196-7,27196,7,10761,4G,LTE,-111,-11,2.6,-,-77,3350,0,0,452,8,1.4,15,G,I,,,,,,,,,,,M,13,1,,,308,0,192.0.0.4,2,,,,,43,7,6A3C,2A09,6962183,25.8,499,samsung:SM-G975U:PPR1.180610.011,L7,20MHZ,2600,,,,,,,,,13,FALSE,,,,212,,,,,4G,,,,457,3350,-113,-13,,,4G,12279-10,12279-10,,298,3350,-114,-14,130,285,4G,,,,164,3350,-117,-18,,,4G,,,,334,3350,-118,-20,,,4G,,,,495,3350,-119,-20,,,4G,,,,241,3350,-120,-20,,,4G,,,,225,3350,-120,-16,,
13/07/2022,18:24:45,03,3,-0.23992163,51.75317952,3,0,EE,0,23430,2.34301E+14,27196-7,27196,7,10761,4G,LTE,-110,-11,2.6,-,-77,3350,0,0,452,8,1.4,19,G,I,,,,,,,,,,,M,13,1,,,303,0,192.0.0.4,2,,,,,46,7,6A3C,2A09,6962183,25.8,499,samsung:SM-G975U:PPR1.180610.011,L7,20MHZ,2600,,,,,,,,,13,FALSE,,,,214,,,,,4G,12279-10,12279-10,,298,3350,-111,-8,134,286,4G,,,,457,3350,-114,-14,,,4G,,,,164,3350,-117,-18,,,4G,,,,225,3350,-118,-17,,,4G,,,,271,3350,-119,-17,,,4G,,,,334,3350,-120,-19,,,4G,,,,447,3350,-122,-20,,
13/07/2022,18:24:48,03,3,-0.2397571,51.7534991,0,-3,EE,-1,23430,2.34301E+14,27196-7,27196,7,10761,4G,LTE,-110,-12,2.6,-,-77,3350,0,0,452,8,1.4,38,N,I,,,,,,,,,,,M,13,1,,,339,0,192.0.0.4,2,,,,,49,7,6A3C,2A09,6962183,25.8,499,samsung:SM-G975U:PPR1.180610.011,L7,20MHZ,2600,,,,,,,,,13,FALSE,,,,212,,,,,4G,12279-10,12279-10,,298,3350,-111,-9,138,288,4G,,,,457,3350,-114,-14,,,4G,,,,164,3350,-115,-15,,,4G,,,,271,3350,-118,-18,,,4G,,,,225,3350,-119,-17,,,4G,,,,334,3350,-120,-20,,,4G,,,,447,3350,-121,-20,,
13/07/2022,18:24:53,05,5,-0.2397847,51.75315938,3,3,EE,0.6,23430,2.34301E+14,27196-7,27196,7,10761,4G,LTE,-108,-9,1,-,-76,3350,0,0,452,8,1.4,39,G,I,,,,,,,,,,,M,13,1,,,307,0,192.0.0.4,,HANDOVER_DATA_4G4G,234-30-10761-12279-7-3350-298:234-30-10761-27196-7-3350-452,,,2,7,6A3C,2A09,6962183,25.8,499,samsung:SM-G975U:PPR1.180610.011,L7,20MHZ,2600,,,,,,,,,13,FALSE,,,,216,,,,,4G,12279-7,12279-7,,298,3350,-112,-12,1,313,4G,,,,457,3350,-115,-15,,,4G,,,,225,3350,-118,-15,,,4G,,,,271,3350,-119,-19,,,4G,,,,164,3350,-121,-18,,,4G,,,,447,3350,-121,-20,,,4G,,,,138,3350,-122,-20,,
13/07/2022,18:24:55,02,2,-0.23982401,51.75310813,4,1,EE,0.5,23430,2.34301E+14,27196-7,27196,7,10761,4G,LTE,-109,-10,1.4,-,-77,3350,8,9,452,9,1.4,21,G,D,,,,,,,,,,,M,13,1,,,300,0,192.0.0.4,3,,,,,3,7,6A3C,2A09,6962183,25.8,499,samsung:SM-G975U:PPR1.180610.011,L7,20MHZ,2600,,,,,,,,,13,FALSE,,,,216,,,,,4G,12279-7,12279-7,,298,3350,-107,-10,4,2,4G,,,,457,3350,-112,-13,,,4G,,,,334,3350,-117,-14,,,4G,,,,271,3350,-117,-18,,,4G,,,,225,3350,-118,-16,,,4G,,,,164,3350,-119,-20,,,4G,,,,447,3350,-120,-20,,
13/07/2022,18:25:00,05,5,-0.23982643,51.75306401,4,0,EE,0,23430,2.34301E+14,27196-7,27196,7,10761,4G,LTE,-110,-11,1.4,-,-77,3350,0,0,452,9,1.4,14,G,I,,,,,,,,,,,M,13,1,,,300,0,192.0.0.4,3,,,,,8,7,6A3C,2A09,6962183,25.8,499,samsung:SM-G975U:PPR1.180610.011,L7,20MHZ,2600,,,,,,,,,13,FALSE,,,,216,,,,,4G,,,,457,3350,-111,-12,,,4G,12279-7,12279-7,,298,3350,-112,-13,10,9,4G,,,,334,3350,-116,-18,,,4G,,,,271,3350,-116,-17,,,4G,,,,225,3350,-117,-16,,,4G,,,,164,3350,-118,-19,,,4G,,,,447,3350,-120,-20,,
13/07/2022,18:25:05,05,5,-0.23988953,51.75302726,2,-2,EE,-0.4,23430,2.34301E+14,27196-7,27196,7,10761,4G,LTE,-112,-13,3.4,-,-78,3350,0,0,452,9,1.4,13,G,I,,,,,,,,,,,M,13,1,,,291,0,192.0.0.4,2,,,,,13,7,6A3C,2A09,6962183,25.8,499,samsung:SM-G975U:PPR1.180610.011,L7,20MHZ,2600,,,,,,,,,13,FALSE,,,,216,,,,,,,,,,,,,,,,,,,,,,,,,,,,,,,,,,,,,,,,,,,,,,,,,,,,,,,,,,,,,,,,,,,,,,,,,,
13/07/2022,18:25:08,03,3,-0.2394114,51.7533702,0,-2,EE,-0.666666667,23430,2.34301E+14,27196-7,27196,7,10761,4G,LTE,-110,-10,2.8,-,-78,3350,0,0,452,9,1.4,44,N,I,,,,,,,,,,,M,13,1,,,341,0,192.0.0.4,2,,,,,16,7,6A3C,2A09,6962183,25.8,499,samsung:SM-G975U:PPR1.180610.011,L7,20MHZ,2600,,,,,,,,,13,FALSE,,,,217,,,,,4G,12279-7,12279-7,,298,3179,-114,-11,21,22,4G,,,,225,3179,-114,-13,,,4G,12279-7,12279-7,,298,3350,-116,-11,21,22,4G,,,,225,3350,-116,-13,,,4G,,,,457,3350,-117,-11,,,4G,,,,457,3179,-120,-18,,,4G,,,,447,3350,-121,-20,,
13/07/2022,18:25:13,05,5,-0.23991242,51.75293474,3,3,EE,0.6,23430,2.34301E+14,27196-7,27196,7,10761,4G,LTE,-109,-12,2.6,-,-77,3350,0,0,452,9,1.4,12,G,I,,,,,,,,,,,M,13,1,,,281,0,192.0.0.4,3,,,,,20,7,6A3C,2A09,6962183,25.8,499,samsung:SM-G975U:PPR1.180610.011,L7,20MHZ,2600,,,,,,,,,13,FALSE,,,,217,,,,,,,,,,,,,,,,,,,,,,,,,,,,,,,,,,,,,,,,,,,,,,,,,,,,,,,,,,,,,,,,,,,,,,,,,,
13/07/2022,18:25:17,04,4,-0.23994631,51.75291063,4,1,EE,0.25,23430,2.34301E+14,27196-7,27196,7,10761,4G,LTE,-110,-12,2,-,-82,3350,0,0,452,9,1.4,13,G,I,,,,,,,,,,,M,13,1,,,278,0,192.0.0.4,,CELL_RESELECTION_4G4G,234-30-10761-12279-7-3350-298:234-30-10761-27196-7-3350-452,,,2,7,6A3C,2A09,6962183,25.8,499,samsung:SM-G975U:PPR1.180610.011,L7,20MHZ,2600,,,,,,,,,13,FALSE,,,,217,,,,,4G,,,,457,3350,-112,-14,,,4G,12279-7,12279-7,,298,3350,-114,-16,30,18,4G,,,,225,3350,-115,-14,,,4G,,,,334,3350,-118,-20,,,4G,,,,271,3350,-118,-19,,,4G,,,,394,3350,-120,-19,,,4G,,,,164,3350,-121,-20,,
13/07/2022,18:25:27,10,10,-0.23998065,51.75284622,4,0,EE,0,23430,2.34301E+14,27196-7,27196,7,10761,4G,LTE,-111,-10,1,-,-78,3350,0,0,452,9,1.4,14,G,I,,,,,,,,,,,M,13,1,,,271,0,192.0.0.4,0,,,,,10,7,6A3C,2A09,6962183,25.8,499,samsung:SM-G975U:PPR1.180610.011,L7,20MHZ,2600,,,,,,,,,13,FALSE,,,,217,,,,,4G,,,,225,3350,-114,-11,,,4G,12279-7,12279-7,,298,3350,-115,-14,35,22,4G,,,,457,3350,-116,-14,,,4G,,,,334,3350,-118,-16,,,4G,,,,164,3350,-119,-18,,,4G,,,,271,3350,-120,-19,,,4G,,,,394,3350,-123,-20,,
13/07/2022,18:25:28,01,1,-0.2393237,51.7530645,0,-4,EE,-4,23430,2.34301E+14,27196-7,27196,7,10761,4G,LTE,-109,-10,1,-,-78,3350,0,0,452,9,1.4,56,N,I,,,,,,,,,,,M,13,1,,,318,0,192.0.0.4,0,,,,,12,7,6A3C,2A09,6962183,25.8,499,samsung:SM-G975U:PPR1.180610.011,L7,20MHZ,2600,,,,,,,,,13,FALSE,,,,221,,,,,4G,,,,457,3350,-113,-14,,,4G,12279-7,12279-7,,298,3350,-115,-14,39,16,4G,,,,334,3350,-117,-17,,,4G,,,,271,3350,-117,-18,,,4G,,,,225,3350,-118,-15,,,4G,,,,164,3350,-121,-20,,,4G,,,,449,3350,-122,-20,,
13/07/2022,18:25:47,19,19,-0.23997745,51.75279198,0,0,EE,0,23430,2.34301E+14,27196-10,27196,10,10761,4G,LTE,-109,-10,5.2,-,-78,3179,2,6,452,9,1.4,20,G,D,,,,,,,,,,,M,13,1,,,150,0,192.0.0.4,,HANDOVER_DATA_4G4G,234-30-10761-27196-4-1815-452:234-30-10761-27196-10-3179-452,,,18,A,6A3C,2A09,6962186,25.8,499,samsung:SM-G975U:PPR1.180610.011,L7,20MHZ,2600,,,,,,,,,13,FALSE,,,,304,,,,,4G,,,,457,3179,-115,-14,,,4G,12279-7,12279-7,,298,3179,-116,-13,43,15,4G,,,,334,3179,-117,-17,,,4G,,,,271,3179,-119,-18,,,4G,,,,164,3179,-120,-19,,,4G,,,,225,3179,-121,-16,,,4G,,,,394,3179,-121,-20,,
13/07/2022,18:25:48,01,1,-0.2399845,51.7524082,0,0,EE,0,23430,2.34301E+14,27196-10,27196,10,10761,4G,LTE,-109,-10,5.2,-,-78,3179,55,14,452,9,1.4,19,N,D,,,,,,,,,,,M,13,1,,,177,0,192.0.0.4,3,,,,,2,A,6A3C,2A09,6962186,25.8,499,samsung:SM-G975U:PPR1.180610.011,L7,20MHZ,2600,,,,,,,,,13,FALSE,,,,316,,,,,4G,,,,457,3179,-115,-14,,,4G,12279-7,12279-7,,298,3179,-116,-13,46,16,4G,,,,334,3179,-117,-17,,,4G,,,,271,3179,-119,-18,,,4G,,,,164,3179,-120,-19,,,4G,,,,225,3179,-121,-16,,,4G,,,,394,3179,-121,-20,,
13/07/2022,18:25:49,01,1,-0.23997279,51.75250989,9,9,EE,9,23430,2.34301E+14,27196-10,27196,10,10761,4G,LTE,-109,-10,5.2,-,-78,3179,55,14,452,9,1.4,14,G,D,,,,,,,,,,,M,13,1,,,170,0,192.0.0.4,3,,,,,2,A,6A3C,2A09,6962186,25.8,499,samsung:SM-G975U:PPR1.180610.011,L7,20MHZ,2600,,,,,,,,,13,FALSE,,,,313,,,,,4G,,,,457,3179,-115,-14,,,4G,12279-7,12279-7,,298,3179,-116,-13,46,16,4G,,,,334,3179,-117,-17,,,4G,,,,271,3179,-119,-18,,,4G,,,,164,3179,-120,-19,,,4G,,,,225,3179,-121,-16,,,4G,,,,394,3179,-121,-20,,
13/07/2022,18:25:57,08,8,-0.2400001,51.75242139,4,-5,EE,-0.625,23430,2.34301E+14,27196-10,27196,10,10761,4G,LTE,-108,-8,2.6,-,-77,3179,13,26,452,9,1.4,15,G,D,,,,,,,,,,,M,13,1,,,175,0,192.0.0.4,2,,,,,10,A,6A3C,2A09,6962186,25.8,499,samsung:SM-G975U:PPR1.180610.011,L7,20MHZ,2600,,,,,,,,,13,FALSE,,,,316,,,,,4G,,,,457,3179,-109,-11,,,4G,,,,334,3179,-114,-16,,,4G,,,,225,3179,-115,-12,,,4G,12279-7,12279-7,,298,3179,-115,-14,83,9,4G,,,,271,3179,-117,-19,,,4G,,,,449,3179,-121,-20,,,4G,,,,164,3179,-126,-20,,
13/07/2022,18:26:06,09,9,-0.23991418,51.75231739,8,4,EE,0.444444444,23430,2.34301E+14,27196-10,27196,10,10761,4G,LTE,-105,-9,3,-,-75,3179,0,0,452,9,1.4,12,G,I,,,,,,,,,,,M,13,1,,,188,0,192.0.0.4,2,,,,,19,A,6A3C,2A09,6962186,25.8,499,samsung:SM-G975U:PPR1.180610.011,L7,20MHZ,2600,,,,,,,,,13,FALSE,,,,317,,,,,4G,,,,457,3179,-109,-11,,,4G,12279-7,12279-7,,298,3179,-113,-13,91,4,4G,,,,225,3179,-117,-17,,,4G,,,,334,3179,-118,-18,,,4G,,,,271,3179,-118,-17,,,4G,,,,339,3179,-120,-20,,,4G,,,,447,3179,-122,-20,,
13/07/2022,18:26:16,10,10,-0.23991573,51.75221369,5,-3,EE,-0.3,23430,2.34301E+14,27196-10,27196,10,10761,4G,LTE,-111,-10,3.2,-,-75,3179,0,0,452,9,1.4,15,G,I,,,,,,,,,,,M,13,1,,,196,0,192.0.0.4,3,,,,,29,A,6A3C,2A09,6962186,25.8,499,samsung:SM-G975U:PPR1.180610.011,L7,20MHZ,2600,,,,,,,,,13,FALSE,,,,319,,,,,4G,,,,457,3179,-113,-14,,,4G,12279-7,12279-7,,298,3179,-117,-12,104,4,4G,,,,449,3179,-118,-19,,,4G,,,,334,3179,-119,-20,,,4G,,,,225,3179,-119,-19,,,4G,,,,164,3179,-120,-20,,,4G,,,,447,3179,-122,-20,,
13/07/2022,18:26:26,10,10,-0.23990347,51.75211683,4,-1,EE,-0.1,23430,2.34301E+14,27196-10,27196,10,10761,4G,LTE,-108,-10,3.8,-,-78,3179,0,0,452,9,1.4,23,G,I,,,,,,,,,,,M,13,1,,,205,0,192.0.0.4,2,,,,,39,A,6A3C,2A09,6962186,25.8,499,samsung:SM-G975U:PPR1.180610.011,L7,20MHZ,2600,,,,,,,,,13,FALSE,,,,321,,,,,4G,,,,457,3179,-115,-12,,,4G,12279-7,12279-7,,298,3179,-116,-13,115,3,4G,,,,334,3179,-118,-18,,,4G,,,,271,3179,-120,-19,,,4G,,,,449,3179,-122,-20,,,4G,,,,225,3179,-123,-16,,,4G,,,,447,3179,-124,-20,,
13/07/2022,18:26:29,03,3,-0.2401523,51.7520379,0,-4,EE,-1.333333333,23430,2.34301E+14,27196-10,27196,10,10761,4G,LTE,-107,-9,6.2,-,-76,3179,0,0,452,9,1.4,26,N,D,,,,,,,,,,,M,13,1,,,202,0,192.0.0.4,2,,,,,41,A,6A3C,2A09,6962186,25.8,499,samsung:SM-G975U:PPR1.180610.011,L7,20MHZ,2600,,,,,,,,,13,FALSE,,,,327,,,,,4G,,,,457,3179,-114,-14,,,4G,12279-7,12279-7,,298,3179,-115,-14,118,3,4G,,,,334,3179,-117,-19,,,4G,,,,271,3179,-120,-20,,,4G,,,,225,3179,-124,-20,,,,,,,,,,,,,,,,,,,,,,
13/07/2022,18:26:37,08,8,-0.23978368,51.75203493,2,2,EE,0.25,23430,2.34301E+14,27196-10,27196,10,10761,4G,LTE,-109,-9,7.4,-,-77,3179,0,0,452,9,1.4,15,G,I,,,,,,,,,,,M,13,1,,,217,0,192.0.0.4,2,,,,,50,A,6A3C,2A09,6962186,25.8,499,samsung:SM-G975U:PPR1.180610.011,L7,20MHZ,2600,,,,,,,,,13,FALSE,,,,321,,,,,4G,12279-7,12279-7,,298,3179,-113,-11,124,0,4G,,,,334,3179,-118,-17,,,4G,,,,457,3179,-118,-15,,,4G,,,,271,3179,-120,-18,,,4G,,,,394,3179,-123,-20,,,4G,,,,447,3179,-127,-20,,,4G,,,,225,3179,-129,-20,,
13/07/2022,18:26:41,04,4,-0.23964803,51.75196149,6,4,EE,1,23430,2.34301E+14,27196-10,27196,10,10761,4G,LTE,-109,-9,7.8,-,-80,3179,0,0,452,9,1.4,14,G,I,,,,,,,,,,,M,13,1,,,229,0,192.0.0.4,3,,,,,54,A,6A3C,2A09,6962186,25.8,499,samsung:SM-G975U:PPR1.180610.011,L7,20MHZ,2600,,,,,,,,,13,FALSE,,,,321,,,,,4G,12279-7,12279-7,,298,3179,-112,-8,132,357,4G,,,,457,3179,-116,-12,,,4G,,,,334,3179,-119,-16,,,4G,,,,271,3179,-121,-18,,,4G,,,,299,3179,-123,-19,,,4G,,,,225,3179,-124,-17,,,4G,,,,447,3179,-126,-20,,
13/07/2022,18:26:49,08,8,-0.2397259,51.7519442,0,-6,EE,-0.75,23430,2.34301E+14,27196-10,27196,10,10761,4G,LTE,-107,-7,7.8,-,-80,3179,0,0,452,9,1.4,26,N,I,,,,,,,,,,,M,13,1,,,227,0,192.0.0.4,3,,,,,61,A,6A3C,2A09,6962186,25.8,499,samsung:SM-G975U:PPR1.180610.011,L7,20MHZ,2600,,,,,,,,,13,FALSE,,,,322,,,,,4G,12279-7,12279-7,,298,3179,-112,-9,137,353,4G,,,,164,3179,-119,-17,,,4G,,,,457,3179,-120,-17,,,4G,,,,394,3179,-121,-20,,,4G,,,,271,3179,-122,-20,,,4G,,,,334,3179,-124,-19,,,4G,,,,447,3179,-129,-20,,
13/07/2022,18:26:54,05,5,-0.23956362,51.75189813,2,2,EE,0.4,23430,2.34301E+14,27196-10,27196,10,10761,4G,LTE,-112,-9,5,-,-80,3179,0,0,452,10,1.4,20,G,I,,,,,,,,,,,M,13,1,,,227,0,192.0.0.4,2,,,,,67,A,6A3C,2A09,6962186,25.8,499,samsung:SM-G975U:PPR1.180610.011,L7,20MHZ,2600,,,,,,,,,13,FALSE,,,,322,,,,,4G,12279-7,12279-7,,298,3179,-115,-10,141,353,4G,,,,457,3179,-119,-15,,,4G,,,,334,3179,-121,-16,,,4G,,,,271,3179,-123,-18,,,4G,,,,447,3179,-125,-20,,,4G,,,,164,3179,-125,-20,,,4G,,,,225,3179,-127,-16,,
13/07/2022,18:27:01,07,7,-0.23953181,51.75190315,1,-1,EE,-0.142857143,23430,2.34301E+14,27196-10,27196,10,10761,4G,LTE,-111,-9,5.2,-,-80,3179,0,0,452,10,1.4,27,G,I,,,,,,,,,,,M,13,1,,,239,0,192.0.0.4,2,,,,,74,A,6A3C,2A09,6962186,25.8,499,samsung:SM-G975U:PPR1.180610.011,L7,20MHZ,2600,,,,,,,,,13,FALSE,,,,320,,,,,4G,12279-7,12279-7,,298,3179,-116,-11,141,353,4G,,,,457,3179,-118,-14,,,4G,,,,334,3179,-122,-18,,,4G,,,,271,3179,-122,-18,,,4G,,,,447,3179,-125,-20,,,4G,,,,164,3179,-127,-20,,,4G,,,,225,3179,-129,-19,,
13/07/2022,18:27:08,07,7,-0.2393927,51.75183188,4,3,EE,0.428571429,23430,2.34301E+14,27196-10,27196,10,10761,4G,LTE,-110,-8,9.2,-,-79,3179,1,0,452,10,1.4,37,G,D,,,,,,,,,,,M,13,1,,,252,0,192.0.0.4,3,,,,,81,A,6A3C,2A09,6962186,25.8,499,samsung:SM-G975U:PPR1.180610.011,L7,20MHZ,2600,,,,,,,,,13,FALSE,,,,320,,,,,4G,12279-7,12279-7,,298,3179,-118,-10,150,351,4G,,,,457,3179,-120,-19,,,4G,,,,334,3179,-121,-18,,,4G,,,,271,3179,-123,-20,,,4G,,,,447,3179,-124,-20,,,4G,,,,339,3179,-124,-20,,,4G,,,,164,3179,-127,-20,,
13/07/2022,18:27:09,01,1,-0.2396291,51.7517443,0,-4,EE,-4,23430,2.34301E+14,27196-10,27196,10,10761,4G,LTE,-110,-8,9.8,-,-77,3179,1,0,452,10,1.4,33,N,D,,,,,,,,,,,M,13,1,,,249,0,192.0.0.4,3,,,,,81,A,6A3C,2A09,6962186,25.8,499,samsung:SM-G975U:PPR1.180610.011,L7,20MHZ,2600,,,,,,,,,13,FALSE,,,,324,,,,,4G,12279-7,12279-7,,298,3179,-118,-10,150,351,4G,,,,457,3179,-120,-19,,,4G,,,,334,3179,-121,-18,,,4G,,,,271,3179,-123,-20,,,4G,,,,447,3179,-124,-20,,,4G,,,,339,3179,-124,-20,,,4G,,,,164,3179,-127,-20,,
13/07/2022,18:27:13,04,4,-0.23945501,51.75172591,7,7,EE,1.75,23430,2.34301E+14,27196-10,27196,10,10761,4G,LTE,-109,-7,9.6,-,-80,3179,4,7,452,9,1.4,31,G,D,,,,,,,,,,,M,13,1,,,258,0,,3,,,,,85,A,6A3C,2A09,6962186,25.8,499,samsung:SM-G975U:PPR1.180610.011,L7,20MHZ,2600,,,,,,,,,13,FALSE,,,,322,,,,,4G,12279-7,12279-7,,298,3179,-116,-12,159,351,4G,,,,457,3179,-120,-18,,,4G,,,,334,3179,-121,-19,,,4G,,,,449,3179,-122,-17,,,4G,,,,271,3179,-122,-19,,,4G,,,,339,3179,-124,-20,,,4G,,,,225,3179,-126,-17,,
13/07/2022,18:27:18,05,5,-0.2395115,51.75164438,5,-2,EE,-0.4,23430,2.34301E+14,27196-10,27196,10,10761,4G,LTE,-107,-7,8.8,-,-79,3179,0,0,452,9,1.4,39,G,I,,,,,,,,,,,M,13,1,,,258,0,192.0.0.4,3,,,,,90,A,6A3C,2A09,6962186,25.8,499,samsung:SM-G975U:PPR1.180610.011,L7,20MHZ,2600,,,,,,,,,13,FALSE,,,,322,,,,,4G,12279-7,12279-7,,298,3179,-115,-11,170,354,4G,,,,457,3179,-120,-17,,,4G,,,,334,3179,-121,-20,,,4G,,,,271,3179,-121,-19,,,4G,,,,299,3179,-122,-18,,,4G,,,,225,3179,-125,-16,,,4G,,,,447,3179,-125,-20,,
13/07/2022,18:27:27,09,9,-0.23958826,51.75168591,1,-4,EE,-0.444444444,23430,2.34301E+14,27196-10,27196,10,10761,4G,LTE,-106,-6,9.2,-,-74,3179,0,0,452,9,1.4,22,G,I,,,,,,,,,,,M,13,1,,,256,0,192.0.0.4,3,,,,,99,A,6A3C,2A09,6962186,25.8,499,samsung:SM-G975U:PPR1.180610.011,L7,20MHZ,2600,,,,,,,,,13,FALSE,,,,324,,,,,4G,12279-7,12279-7,,298,3179,-111,-8,163,355,4G,,,,457,3179,-119,-16,,,4G,,,,271,3179,-120,-18,,,4G,,,,334,3179,-121,-19,,,4G,,,,447,3179,-123,-20,,,4G,,,,339,3179,-124,-20,,,4G,,,,399,3179,-125,-20,,
13/07/2022,18:27:29,02,2,-0.2395981,51.7515847,0,-1,EE,-0.5,23430,2.34301E+14,27196-10,27196,10,10761,4G,LTE,-104,-8,9.8,-,-76,3179,0,0,452,10,1.4,17,N,I,,,,,,,,,,,M,13,1,,,265,0,192.0.0.4,3,,,,,101,A,6A3C,2A09,6962186,25.8,499,samsung:SM-G975U:PPR1.180610.011,L7,20MHZ,2600,,,,,,,,,13,FALSE,,,,326,,,,,4G,27196-7,27196-7,,452,3350,-106,-9,208,246,4G,,,,334,3350,-112,-17,,,4G,12279-7,12279-7,,298,3179,-113,-10,167,355,4G,,,,334,3179,-115,-20,,,4G,,,,271,3179,-117,-20,,,4G,12279-7,12279-7,,298,3350,-118,-13,167,355,4G,,,,457,3179,-120,-20,,
13/07/2022,18:27:29,00,0,-0.23958218,51.75166275,1,1,EE,0,23430,2.34301E+14,27196-7,27196,7,10761,4G,LTE,-104,-7,9.8,-,-76,3350,0,0,452,9,1.4,28,G,I,,,,,,,,,,,M,13,1,,,208,0,192.0.0.4,,HANDOVER_DATA_4G4G,234-30-10761-27196-10-3179-452:234-30-10761-27196-7-3350-452,,,101,7,6A3C,2A09,6962183,25.8,499,samsung:SM-G975U:PPR1.180610.011,L7,20MHZ,2600,,,,,,,,,13,FALSE,,,,246,,,,,4G,27196-7,27196-7,,452,3179,-103,-7,208,246,4G,12279-7,12279-7,,298,3179,-109,-11,168,355,4G,,,,457,3179,-114,-17,,,4G,,,,334,3350,-115,-14,,,4G,12279-7,12279-7,,298,3350,-116,-14,168,355,4G,,,,334,3179,-117,-18,,,4G,,,,271,3179,-119,-20,,
13/07/2022,18:27:32,03,3,-0.23959021,51.75163252,2,1,EE,0.333333333,23430,2.34301E+14,27196-7,27196,7,10761,4G,LTE,-102,-8,10.8,-,-75,3350,0,0,452,10,1.4,17,G,I,,,,,,,,,,,M,13,1,,,208,0,192.0.0.4,,,,,,3,7,6A3C,2A09,6962183,25.8,499,samsung:SM-G975U:PPR1.180610.011,L7,20MHZ,2600,,,,,,,,,13,FALSE,,,,246,,,,,4G,27196-7,27196-7,,452,3179,-103,-7,206,247,4G,12279-7,12279-7,,298,3179,-109,-11,171,356,4G,,,,457,3179,-114,-17,,,4G,12279-7,12279-7,,298,3350,-115,-12,171,356,4G,,,,334,3350,-117,-19,,,4G,,,,334,3179,-117,-18,,,4G,,,,457,3350,-118,-20,,
13/07/2022,18:27:34,02,2,-0.23962779,51.75159584,4,2,EE,1,23430,2.34301E+14,27196-7,27196,7,10761,4G,LTE,-102,-8,12.2,-,-75,3350,0,0,452,10,1.4,25,G,I,,,,,,,,,,,M,13,1,,,202,0,192.0.0.4,,,,,,5,7,6A3C,2A09,6962183,25.8,499,samsung:SM-G975U:PPR1.180610.011,L7,20MHZ,2600,,,,,,,,,13,FALSE,,,,248,,,,,4G,27196-7,27196-7,,452,3179,-103,-7,203,248,4G,12279-7,12279-7,,298,3179,-109,-11,174,356,4G,,,,457,3179,-114,-17,,,4G,12279-7,12279-7,,298,3350,-115,-12,174,356,4G,,,,334,3350,-117,-19,,,4G,,,,334,3179,-117,-18,,,4G,,,,457,3350,-118,-20,,
13/07/2022,18:27:48,14,14,-0.23963118,51.75158928,0,-4,EE,-0.285714286,23430,2.34301E+14,27196-7,27196,7,10761,4G,LTE,-105,-6,14.4,-,-76,3350,0,0,452,11,1.4,45,G,I,,,,,,,,,,,M,13,1,,,202,0,192.0.0.4,3,,,,,19,7,6A3C,2A09,6962183,25.8,499,samsung:SM-G975U:PPR1.180610.011,L7,20MHZ,2600,,,,,,,,,13,FALSE,,,,248,,,,,4G,12279-7,12279-7,,298,3350,-111,-9,176,357,4G,,,,457,3350,-115,-13,,,,,,,,,,,,,,,,,,,,,,,,,,,,,,,,,,,,,,,,,,,,,,,,,,,,
13/07/2022,18:27:49,01,1,-0.2396943,51.75144,0,0,EE,0,23430,2.34301E+14,27196-7,27196,7,10761,4G,LTE,-107,-7,14.4,-,-76,3350,0,0,452,11,1.4,16,N,I,,,,,,,,,,,M,13,1,,,192,0,192.0.0.4,3,,,,,20,7,6A3C,2A09,6962183,25.8,499,samsung:SM-G975U:PPR1.180610.011,L7,20MHZ,2600,,,,,,,,,13,FALSE,,,,252,,,,,4G,12279-7,12279-7,,298,3350,-111,-10,176,357,4G,,,,457,3350,-119,-18,,,,,,,,,,,,,,,,,,,,,,,,,,,,,,,,,,,,,,,,,,,,,,,,,,,,
13/07/2022,18:28:07,18,18,-0.2396943,51.75144,0,0,EE,0,23430,2.34301E+14,27196-7,27196,7,10761,4G,LTE,-108,-7,8.8,-,-79,3350,0,0,452,12,1.4,16,N,I,,,,,,,,,,,M,13,1,,,192,0,192.0.0.4,3,,,,,38,7,6A3C,2A09,6962183,25.8,499,samsung:SM-G975U:PPR1.180610.011,L7,20MHZ,2600,,,,,,,,,13,FALSE,,,,252,,,,,4G,,,,457,3350,-116,-15,,,4G,,,,334,3350,-119,-19,,,4G,12279-7,12279-7,,298,3350,-120,-14,192,358,4G,,,,271,3350,-121,-19,,,4G,,,,339,3350,-124,-20,,,,,,,,,,,,,,,,,,,,,,
13/07/2022,18:28:09,02,2,-0.2394054,51.7510881,0,0,EE,0,23430,2.34301E+14,27196-7,27196,7,10761,4G,LTE,-107,-7,9,-,-78,3350,0,0,452,12,1.4,76,N,D,,,,,,,,,,,M,13,1,,,203,0,192.0.0.4,3,,,,,40,7,6A3C,2A09,6962183,25.8,499,samsung:SM-G975U:PPR1.180610.011,L7,20MHZ,2600,,,,,,,,,13,FALSE,,,,265,,,,,,,,,,,,,,,,,,,,,,,,,,,,,,,,,,,,,,,,,,,,,,,,,,,,,,,,,,,,,,,,,,,,,,,,,,
13/07/2022,18:28:19,10,10,-0.2384588,51.7507085,0,0,EE,0,23430,2.34301E+14,27196-7,27196,7,10761,4G,LTE,-106,-9,10.2,-,-78,3350,8,8,452,13,1.4,98,N,D,,,,,,,,,,,M,13,1,,,268,0,192.0.0.4,2,,,,,50,7,6A3C,2A09,6962183,25.8,499,samsung:SM-G975U:PPR1.180610.011,L7,20MHZ,2600,,,,,,,,,13,FALSE,,,,275,,,,,4G,,,,334,3350,-117,-18,,,4G,12279-7,12279-7,,298,3350,-118,-17,233,354,4G,,,,271,3350,-120,-20,,,4G,,,,457,3350,-120,-19,,,4G,,,,451,3350,-121,-20,,,4G,,,,237,3350,-128,-20,,,,,,,,,,,,
13/07/2022,18:28:25,06,6,-0.2384588,51.7507085,0,0,EE,0,23430,2.34301E+14,27196-7,27196,7,10761,4G,LTE,-112,-10,10.2,-,-78,3350,0,0,452,13,1.4,98,N,I,,,,,,,,,,,M,13,1,,,268,0,192.0.0.4,2,,,,,56,7,6A3C,2A09,6962183,25.8,499,samsung:SM-G975U:PPR1.180610.011,L7,20MHZ,2600,,,,,,,,,13,FALSE,,,,275,,,,,4G,12279-7,12279-7,,298,3350,-118,-13,289,342,4G,,,,457,3350,-120,-15,,,4G,,,,271,3350,-122,-18,,,4G,,,,334,3350,-122,-18,,,4G,,,,447,3350,-126,-20,,,4G,,,,44,3350,-127,-17,,,4G,,,,237,3350,-129,-18,,
13/07/2022,18:28:29,04,4,-0.2388253,51.7506214,0,0,EE,0,23430,2.34301E+14,27196-7,27196,7,10761,4G,LTE,-107,-9,8.4,-,-79,3350,0,0,452,13,1.4,82,N,I,,,,,,,,,,,M,13,1,,,244,0,192.0.0.4,3,,,,,60,7,6A3C,2A09,6962183,25.8,499,samsung:SM-G975U:PPR1.180610.011,L7,20MHZ,2600,,,,,,,,,13,FALSE,,,,278,,,,,4G,12279-7,12279-7,,298,3350,-117,-14,289,342,4G,,,,457,3350,-120,-16,,,4G,,,,299,3350,-123,-20,,,4G,,,,241,3350,-125,-20,,,4G,,,,164,3350,-125,-20,,,4G,,,,271,3350,-126,-20,,,4G,,,,334,3350,-126,-19,,
13/07/2022,18:28:39,10,10,-0.2388253,51.7506214,0,0,EE,0,23430,2.34301E+14,27196-7,27196,7,10761,4G,LTE,-109,-11,5.4,-,-81,1617,0,0,452,14,1.4,82,N,I,,,,,,,,,,,M,13,1,,,244,0,192.0.0.4,,HANDOVER_DATA_4G4G,234-30-10761-27196-7-3350-452:234-30-10761-27196-7-1617-452,,,69,7,6A3C,2A09,6962183,25.8,499,samsung:SM-G975U:PPR1.180610.011,L3,20MHZ,1800,,,,,,,,,13,FALSE,,,,278,,,,,4G,,,,68,1617,-114,-15,,,4G,27196-7,27196-7,,452,3350,-114,-8,244,278,4G,12279-7,12279-7,,298,1617,-118,-15,291,347,4G,,,,322,1617,-119,-20,,,4G,12279-7,12279-7,,298,3350,-122,-14,291,347,4G,12279-7,12279-7,,298,522,-124,-14,291,347,4G,,,,271,3350,-126,-19,,
13/07/2022,18:28:39,00,0,-0.2385709,51.7506285,0,0,EE,0,23430,2.34301E+14,27196-7,27196,7,10761,4G,LTE,-109,-11,5.4,-,-81,1617,0,0,452,14,1.4,82,N,I,,,,,,,,,,,M,13,1,,,261,0,192.0.0.4,,,,,,1,7,6A3C,2A09,6962183,25.8,499,samsung:SM-G975U:PPR1.180610.011,L3,20MHZ,1800,,,,,,,,,13,FALSE,,,,277,,,,,4G,,,,68,1617,-114,-15,,,4G,27196-7,27196-7,,452,3350,-114,-8,244,278,4G,12279-7,12279-7,,298,1617,-118,-15,291,347,4G,,,,322,1617,-119,-20,,,4G,12279-7,12279-7,,298,3350,-122,-14,291,347,4G,12279-7,12279-7,,298,522,-124,-14,291,347,4G,,,,271,3350,-126,-19,,
13/07/2022,18:28:44,05,5,-0.2385709,51.7506285,0,0,EE,0,23430,2.34301E+14,27196-1,27196,1,10761,4G,LTE,-108,-11,6.6,-,-74,1617,15,12,452,14,1.4,82,N,D,,,,,,,,,,,M,13,1,,,0,0,192.0.0.4,3,,,,,3,1,6A3C,2A09,6962177,25.8,499,samsung:SM-G975U:PPR1.180610.011,L3,20MHZ,1800,,,,,,,,,13,FALSE,,,,0,,,,,4G,12279-7,12279-7,,298,1617,-117,-15,295,344,4G,,,,68,1617,-117,-16,,,4G,,,,449,1617,-119,-18,,,4G,,,,334,1617,-120,-20,,,4G,,,,457,1617,-121,-19,,,4G,,,,174,1617,-121,-19,,,4G,,,,143,1617,-122,-19,,
13/07/2022,18:28:57,13,13,-0.23863936,51.75061259,0,0,EE,0,23430,2.34301E+14,27196-1,27196,1,10761,4G,LTE,-114,-11,1,-,-78,1617,0,0,452,15,1.4,156,G,I,,,,,,,,,,,M,13,1,,,5,0,192.0.0.4,3,,,,,17,1,6A3C,2A09,6962177,25.8,499,samsung:SM-G975U:PPR1.180610.011,L3,20MHZ,1800,,,,,,,,,13,FALSE,,,,69,,,,,4G,27196-1,27196-1,,452,1815,-118,-12,0,0,4G,,,,143,1617,-119,-15,,,4G,,,,68,1617,-122,-17,,,4G,12279-7,12279-7,,298,1815,-123,-16,295,344,4G,,,,322,1617,-127,-20,,,4G,12279-7,12279-7,,298,1617,-128,-20,295,344,4G,12279-7,12279-7,,298,3350,-137,-20,295,344
13/07/2022,18:29:03,06,6,-0.23868954,51.75060926,0,0,EE,0,23430,2.34301E+14,27196-1,27196,1,10761,4G,LTE,-116,-12,-0.4,-,-80,1617,4,12,452,15,1.4,38,G,D,,,,,,,,,,,M,13,1,,,5,0,192.0.0.4,3,,,,,22,1,6A3C,2A09,6962177,25.8,499,samsung:SM-G975U:PPR1.180610.011,L3,20MHZ,1800,,,,,,,,,13,FALSE,,,,69,,,,,4G,12279-7,12279-7,,298,1617,-119,-14,297,345,4G,,,,68,1617,-122,-17,,,4G,,,,322,1617,-124,-19,,,4G,27196-1,27196-1,,452,1815,-126,-19,5,55,4G,12279-7,12279-7,,298,1815,-126,-18,297,345,4G,,,,143,1617,-127,-20,,,4G,,,,383,1815,-138,-20,,
13/07/2022,18:29:08,05,5,-0.23879774,51.75057888,5,5,EE,1,23430,2.34301E+14,27196-1,27196,1,10761,4G,LTE,-118,-15,-1.8,-,-80,1617,0,0,452,16,1.4,21,G,I,,,,,,,,,,,M,13,1,,,16,0,192.0.0.4,4,,,,,28,1,6A3C,2A09,6962177,25.8,499,samsung:SM-G975U:PPR1.180610.011,L3,20MHZ,1800,,,,,,,,,13,FALSE,,,,70,,,,,4G,12279-7,12279-7,,298,1617,-121,-16,296,347,4G,,,,68,1617,-123,-17,,,4G,,,,334,1617,-124,-19,,,4G,,,,143,1617,-124,-19,,,4G,,,,225,1617,-124,-20,,,4G,,,,322,1617,-125,-20,,,4G,,,,323,1617,-125,-20,,
13/07/2022,18:29:16,08,8,-0.23881484,51.75055759,0,-5,EE,-0.625,23430,2.34301E+14,27196-1,27196,1,10761,4G,LTE,-117,-15,-2.4,-,-79,1617,0,0,452,16,1.4,25,G,I,,,,,,,,,,,M,13,1,,,16,0,192.0.0.4,4,,,,,36,1,6A3C,2A09,6962177,25.8,499,samsung:SM-G975U:PPR1.180610.011,L3,20MHZ,1800,,,,,,,,,13,FALSE,,,,70,,,,,4G,,,,68,1617,-120,-16,,,4G,12279-7,12279-7,,298,1617,-122,-18,298,348,4G,,,,449,1617,-122,-19,,,4G,,,,225,1617,-122,-16,,,4G,,,,327,1617,-122,-20,,,4G,27196-1,27196-1,,452,3179,-123,-11,19,65,4G,,,,322,1617,-124,-20,,
13/07/2022,18:29:19,03,3,-0.2388636,51.750649,0,0,EE,0,23430,2.34301E+14,27196-1,27196,1,10761,4G,LTE,-119,-17,-2.4,-,-79,1617,0,0,452,16,1.4,15,N,D,,,,,,,,,,,M,13,1,,,20,0,192.0.0.4,4,,,,,39,1,6A3C,2A09,6962177,25.8,499,samsung:SM-G975U:PPR1.180610.011,L3,20MHZ,1800,,,,,,,,,13,FALSE,,,,96,,,,,4G,12279-7,12279-7,,298,1617,-117,-14,299,347,4G,,,,225,1617,-120,-15,,,4G,,,,68,1617,-121,-18,,,4G,,,,449,1617,-122,-19,,,4G,,,,241,1617,-122,-19,,,4G,,,,327,1617,-124,-20,,,4G,,,,134,1617,-125,-19,,
13/07/2022,18:29:20,01,1,-0.23902727,51.75066248,2,2,EE,2,23430,2.34301E+14,27196-1,27196,1,10761,4G,LTE,-119,-17,-2.4,-,-79,1617,57,20,452,16,1.4,14,G,D,,,,,,,,,,,M,13,1,,,31,0,192.0.0.4,4,,,,,40,1,6A3C,2A09,6962177,25.8,499,samsung:SM-G975U:PPR1.180610.011,L3,20MHZ,1800,,,,,,,,,13,FALSE,,,,96,,,,,4G,12279-7,12279-7,,298,1617,-117,-14,287,347,4G,,,,225,1617,-120,-15,,,4G,,,,68,1617,-121,-18,,,4G,,,,449,1617,-122,-19,,,4G,,,,241,1617,-122,-19,,,4G,,,,327,1617,-124,-20,,,4G,,,,134,1617,-125,-19,,
13/07/2022,18:29:23,03,3,-0.23901732,51.75066437,4,2,EE,0.666666667,23430,2.34301E+14,27196-1,27196,1,10761,4G,LTE,-116,-14,-3.2,-,-79,1617,0,0,452,15,1.4,18,G,I,,,,,,,,,,,M,13,1,,,31,0,192.0.0.4,4,,,,,43,1,6A3C,2A09,6962177,25.8,499,samsung:SM-G975U:PPR1.180610.011,L3,20MHZ,1800,,,,,,,,,13,FALSE,,,,96,,,,,4G,12279-7,12279-7,,298,1617,-120,-17,284,349,4G,,,,327,1617,-121,-17,,,4G,,,,225,1617,-121,-17,,,4G,,,,322,1617,-121,-20,,,4G,,,,68,1617,-122,-19,,,4G,,,,449,1617,-122,-19,,,4G,,,,225,3350,-122,-14,,
13/07/2022,18:29:25,02,2,-0.23904656,51.7506767,3,-1,EE,-0.5,23430,2.34301E+14,,14551,1,10761,4G,LTE,-111,-13,-3,-,-83,1617,0,0,449,15,1.4,23,G,I,,,,,,,,,,,M,13,1,,,31,0,192.0.0.4,,CELL_RESELECTION_4G4G,234-30-10761-27196-1-1617-452:234-30-10761-14551-1-1617-449,,,44,1,38D7,2A09,3725057,25.8,499,samsung:SM-G975U:PPR1.180610.011,L3,20MHZ,1800,,,,,,,,,13,FALSE,,,,96,,,,,4G,27196-1,27196-1,,452,1617,-114,-15,33,99,4G,,,,447,1617,-117,-18,,,4G,12279-7,12279-7,,298,1617,-119,-18,282,350,4G,,,,68,1617,-119,-19,,,4G,,,,323,1617,-119,-19,,,4G,,,,327,1617,-120,-20,,,4G,,,,143,1617,-120,-20,,
13/07/2022,18:29:35,10,10,-0.2391838,51.75063882,5,2,EE,0.2,23430,2.34301E+14,14551-1,14551,1,10761,4G,LTE,-116,-15,-1.6,-,-79,1617,0,0,449,15,1.4,15,G,I,,,,,,,,,,,M,13,1,,,10,0,192.0.0.4,43,,,,,10,1,38D7,2A09,3725057,25.8,499,samsung:SM-G975U:PPR1.180610.011,L3,20MHZ,1800,,,,,,,,,13,FALSE,,,,66,,,,,4G,27196-1,27196-1,,452,1617,-116,-13,40,90,4G,12279-7,12279-7,,298,1617,-120,-19,285,352,4G,,,,68,1617,-120,-18,,,4G,,,,447,1617,-121,-18,,,4G,,,,327,1617,-122,-20,,,4G,,,,241,1617,-122,-20,,,4G,,,,143,1617,-123,-20,,
13/07/2022,18:29:39,04,4,-0.2391988,51.7506407,0,-5,EE,-1.25,23430,2.34301E+14,27196-1,27196,1,10761,4G,LTE,-115,-14,-1.6,-,-79,1617,0,0,452,15,1.4,12,N,I,,,,,,,,,,,M,13,1,,,43,0,192.0.0.4,4,,,,,5,1,6A3C,2A09,6962177,25.8,499,samsung:SM-G975U:PPR1.180610.011,L3,20MHZ,1800,,,,,,,,,13,FALSE,,,,91,,,,,4G,,,,143,1617,-117,-16,,,4G,,,,225,1617,-118,-15,,,4G,,,,327,1617,-119,-19,,,4G,14551-1,14551-1,,449,1617,-119,-17,12,82,4G,,,,447,1617,-120,-19,,,4G,,,,241,1617,-121,-19,,,4G,12279-7,12279-7,,298,1617,-123,-20,281,352
13/07/2022,18:29:42,03,3,-0.23923026,51.7506636,4,4,EE,1.333333333,23430,2.34301E+14,27196-1,27196,1,10761,4G,LTE,-115,-13,-1.6,-,-79,1617,1,1,452,14,1.4,13,G,D,,,,,,,,,,,M,13,1,,,43,0,192.0.0.4,4,,,,,7,1,6A3C,2A09,6962177,25.8,499,samsung:SM-G975U:PPR1.180610.011,L3,20MHZ,1800,,,,,,,,,13,FALSE,,,,91,,,,,4G,,,,225,1617,-118,-15,,,4G,,,,143,1617,-119,-16,,,4G,,,,447,1617,-119,-18,,,4G,14551-1,14551-1,,449,1617,-121,-19,12,83,4G,,,,327,1617,-122,-17,,,4G,,,,68,1617,-122,-18,,,4G,12279-7,12279-7,,298,1617,-123,-20,281,352
13/07/2022,18:29:46,04,4,-0.23935418,51.75065244,6,2,EE,0.5,23430,2.34301E+14,27196-1,27196,1,10761,4G,LTE,-113,-12,-1.6,-,-79,1617,0,0,452,14,1.4,15,G,I,,,,,,,,,,,M,13,1,,,54,0,192.0.0.4,4,,,,,11,1,6A3C,2A09,6962177,25.8,499,samsung:SM-G975U:PPR1.180610.011,L3,20MHZ,1800,,,,,,,,,13,FALSE,,,,92,,,,,4G,12279-7,12279-7,,298,1617,-120,-18,281,354,4G,,,,143,1617,-120,-20,,,4G,14551-1,14551-1,,449,1617,-120,-18,19,83,4G,,,,327,1617,-121,-20,,,4G,,,,225,1617,-121,-17,,,,,,,,,,,,,,,,,,,,,,
13/07/2022,18:29:53,07,7,-0.23950154,51.75062725,4,-2,EE,-0.285714286,23430,2.34301E+14,27196-1,27196,1,10761,4G,LTE,-114,-11,0,-,-76,1617,0,0,452,14,1.4,16,G,I,,,,,,,,,,,M,13,1,,,64,0,192.0.0.4,3,,,,,18,1,6A3C,2A09,6962177,25.8,499,samsung:SM-G975U:PPR1.180610.011,L3,20MHZ,1800,,,,,,,,,13,FALSE,,,,89,,,,,4G,14551-1,14551-1,,449,1617,-116,-16,31,77,4G,12279-7,12279-7,,298,1617,-118,-18,284,356,4G,,,,375,1617,-118,-17,,,4G,,,,447,1617,-120,-20,,,4G,,,,327,1617,-121,-20,,,4G,,,,225,1617,-121,-20,,,4G,,,,444,1617,-123,-19,,
13/07/2022,18:30:03,10,10,-0.23949558,51.75053497,2,-2,EE,-0.2,23430,2.34301E+14,27196-1,27196,1,10761,4G,LTE,-108,-12,1.8,-,-75,1617,0,0,452,14,1.4,24,G,I,,,,,,,,,,,M,13,1,,,64,0,192.0.0.4,3,,,,,28,1,6A3C,2A09,6962177,25.8,499,samsung:SM-G975U:PPR1.180610.011,L3,20MHZ,1800,,,,,,,,,13,FALSE,,,,80,,,,,4G,,,,447,1617,-110,-15,,,4G,14551-1,14551-1,,449,1617,-114,-17,34,64,4G,12279-7,12279-7,,298,1617,-115,-20,293,356,4G,,,,375,1617,-115,-19,,,4G,,,,327,1617,-116,-20,,,4G,,,,225,1617,-116,-20,,,4G,,,,444,1617,-117,-18,,
13/07/2022,18:30:10,07,7,-0.23962126,51.75058017,5,3,EE,0.428571429,23430,2.34301E+14,27196-1,27196,1,10761,4G,LTE,-105,-10,0.6,-,-74,1617,14,8,452,14,1.4,14,G,D,,,,,,,,,,,M,13,1,,,72,0,192.0.0.4,3,,,,,35,1,6A3C,2A09,6962177,25.8,499,samsung:SM-G975U:PPR1.180610.011,L3,20MHZ,1800,,,,,,,,,13,FALSE,,,,85,,,,,4G,14551-1,14551-1,,449,1617,-107,-14,39,72,4G,,,,447,1617,-111,-18,,,4G,,,,451,1617,-112,-18,,,4G,,,,408,1617,-112,-19,,,4G,,,,457,1617,-113,-20,,,4G,,,,446,1617,-114,-20,,,4G,12279-7,12279-7,,298,1617,-115,-20,289,358
13/07/2022,18:30:16,06,6,-0.23977395,51.75059648,6,1,EE,0.166666667,23430,2.34301E+14,27196-1,27196,1,10761,4G,LTE,-105,-10,0.6,-,-73,1617,0,0,452,13,1.4,15,G,I,,,,,,,,,,,M,13,1,,,83,0,192.0.0.4,3,,,,,41,1,6A3C,2A09,6962177,25.8,499,samsung:SM-G975U:PPR1.180610.011,L3,20MHZ,1800,,,,,,,,,13,FALSE,,,,87,,,,,4G,,,,457,1617,-110,-15,,,4G,,,,451,1617,-113,-19,,,4G,14551-1,14551-1,,449,1617,-115,-19,48,80,4G,,,,174,1617,-116,-20,,,4G,,,,322,1617,-117,-20,,,4G,,,,447,1617,-117,-20,,,4G,12279-7,12279-7,,298,1617,-119,-19,285,0
13/07/2022,18:30:20,04,4,-0.2405371,51.7507242,0,-6,EE,-1.5,23430,2.34301E+14,27196-1,27196,1,10761,4G,LTE,-104,-11,3.2,-,-72,1617,0,0,452,13,1.4,92,N,I,,,,,,,,,,,M,13,1,,,136,0,192.0.0.4,3,,,,,45,1,6A3C,2A09,6962177,25.8,499,samsung:SM-G975U:PPR1.180610.011,L3,20MHZ,1800,,,,,,,,,13,FALSE,,,,94,,,,,4G,12279-7,12279-7,,298,1617,-111,-16,286,0,4G,,,,457,1617,-113,-18,,,4G,,,,225,1617,-114,-16,,,4G,14551-1,14551-1,,449,1617,-115,-18,53,80,4G,,,,447,1617,-115,-19,,,4G,,,,255,1617,-117,-20,,,4G,,,,174,1617,-119,-20,,
13/07/2022,18:30:24,04,4,-0.23990809,51.75060927,6,6,EE,1.5,23430,2.34301E+14,27196-1,27196,1,10761,4G,LTE,-103,-9,4,-,-74,1617,0,0,452,13,1.4,20,G,I,,,,,,,,,,,M,13,1,,,136,0,192.0.0.4,3,,,,,49,1,6A3C,2A09,6962177,25.8,499,samsung:SM-G975U:PPR1.180610.011,L3,20MHZ,1800,,,,,,,,,13,FALSE,,,,94,,,,,4G,,,,457,1617,-114,-18,,,4G,12279-7,12279-7,,298,1617,-116,-20,284,0,4G,14551-1,14551-1,,449,1617,-117,-18,57,82,4G,,,,225,1617,-117,-19,,,4G,,,,255,1617,-117,-20,,,4G,,,,446,1617,-118,-18,,,4G,,,,174,1617,-119,-20,,
13/07/2022,18:30:25,01,1,-0.23991804,51.75061554,2,-4,EE,-4,23430,2.34301E+14,27196-1,27196,1,10761,4G,LTE,-104,-10,3.4,-,-76,1617,0,0,452,13,1.4,22,G,I,,,,,,,,,,,M,13,1,,,93,0,192.0.0.4,3,,,,,50,1,6A3C,2A09,6962177,25.8,499,samsung:SM-G975U:PPR1.180610.011,L3,20MHZ,1800,,,,,,,,,13,FALSE,,,,89,,,,,4G,12279-7,12279-7,,298,1617,-113,-18,285,1,4G,,,,451,1617,-113,-20,,,4G,14551-1,14551-1,,449,1617,-114,-16,59,82,4G,,,,457,1617,-114,-20,,,4G,,,,225,1617,-116,-20,,,4G,,,,255,1617,-117,-20,,,4G,,,,174,1617,-119,-20,,
13/07/2022,18:30:35,10,10,-0.24006813,51.75061979,4,2,EE,0.2,23430,2.34301E+14,27196-1,27196,1,10761,4G,LTE,-103,-9,3.2,-,-74,1617,9,8,452,12,1.4,17,G,D,,,,,,,,,,,M,13,1,,,103,0,192.0.0.4,3,,,,,60,1,6A3C,2A09,6962177,25.8,499,samsung:SM-G975U:PPR1.180610.011,L3,20MHZ,1800,,,,,,,,,13,FALSE,,,,89,,,,,4G,12279-7,12279-7,,298,1617,-111,-17,283,3,4G,14551-1,14551-1,,449,1617,-112,-18,69,85,4G,,,,457,1617,-112,-17,,,4G,,,,271,1617,-113,-20,,,4G,,,,174,1617,-117,-20,,,4G,,,,444,1617,-118,-20,,,4G,,,,447,1617,-120,-20,,
13/07/2022,18:30:39,04,4,-0.24013618,51.75058989,5,1,EE,0.25,23430,2.34301E+14,27196-1,27196,1,10761,4G,LTE,-99,-8,4.8,-,-71,1617,19,4,452,12,1.4,15,G,D,,,,,,,,,,,M,13,1,,,103,0,192.0.0.4,3,,,,,64,1,6A3C,2A09,6962177,25.8,499,samsung:SM-G975U:PPR1.180610.011,L3,20MHZ,1800,,,,,,,,,13,FALSE,,,,89,,,,,4G,14551-1,14551-1,,449,1617,-111,-18,75,82,4G,,,,457,1617,-111,-18,,,4G,,,,408,1617,-112,-19,,,4G,12279-7,12279-7,,298,1617,-113,-20,288,4,4G,,,,271,1617,-114,-20,,,4G,,,,174,1617,-117,-20,,,4G,,,,447,1617,-120,-20,,
13/07/2022,18:30:40,01,1,-0.2410283,51.7506258,0,-5,EE,-5,23430,2.34301E+14,27196-1,27196,1,10761,4G,LTE,-99,-8,4.8,-,-71,1617,0,0,452,12,1.4,37,N,I,,,,,,,,,,,M,13,1,,,169,0,192.0.0.4,3,,,,,65,1,6A3C,2A09,6962177,25.8,499,samsung:SM-G975U:PPR1.180610.011,L3,20MHZ,1800,,,,,,,,,13,FALSE,,,,89,,,,,4G,14551-1,14551-1,,449,1617,-111,-18,77,82,4G,,,,457,1617,-111,-18,,,4G,,,,408,1617,-112,-19,,,4G,12279-7,12279-7,,298,1617,-113,-20,288,4,4G,,,,271,1617,-114,-20,,,4G,,,,174,1617,-117,-20,,,4G,,,,447,1617,-120,-20,,
13/07/2022,18:30:41,01,1,-0.2402273,51.75057018,5,5,EE,5,23430,2.34301E+14,27196-1,27196,1,10761,4G,LTE,-98,-9,4.8,-,-71,1617,0,0,452,12,1.4,15,G,I,,,,,,,,,,,M,13,1,,,114,0,192.0.0.4,3,,,,,66,1,6A3C,2A09,6962177,25.8,499,samsung:SM-G975U:PPR1.180610.011,L3,20MHZ,1800,,,,,,,,,13,FALSE,,,,86,,,,,4G,14551-1,14551-1,,449,1617,-109,-17,79,81,4G,,,,457,1617,-110,-17,,,4G,12279-7,12279-7,,298,1617,-111,-19,289,5,4G,,,,271,1617,-112,-20,,,4G,,,,408,1617,-113,-20,,,4G,,,,174,1617,-117,-20,,,4G,,,,447,1617,-120,-20,,
13/07/2022,18:30:46,05,5,-0.24036903,51.75060722,3,-2,EE,-0.4,23430,2.34301E+14,27196-1,27196,1,10761,4G,LTE,-100,-8,6,-,-72,1617,0,0,452,12,1.4,15,G,I,,,,,,,,,,,M,13,1,,,124,0,192.0.0.4,3,,,,,71,1,6A3C,2A09,6962177,25.8,499,samsung:SM-G975U:PPR1.180610.011,L3,20MHZ,1800,,,,,,,,,13,FALSE,,,,88,,,,,4G,14551-1,14551-1,,449,1617,-110,-15,90,84,4G,12279-7,12279-7,,298,1617,-113,-20,288,7,4G,,,,322,1617,-113,-20,,,4G,,,,408,1617,-115,-20,,,4G,,,,457,1617,-115,-18,,,4G,,,,174,1617,-117,-20,,,4G,,,,447,1617,-120,-20,,
13/07/2022,18:30:49,03,3,-0.24039168,51.75059365,2,-1,EE,-0.333333333,23430,2.34301E+14,27196-1,27196,1,10761,4G,LTE,-98,-7,7.6,-,-72,1617,0,0,452,11,1.4,13,G,I,,,,,,,,,,,M,13,1,,,124,0,192.0.0.4,3,,,,,74,1,6A3C,2A09,6962177,25.8,499,samsung:SM-G975U:PPR1.180610.011,L3,20MHZ,1800,,,,,,,,,13,FALSE,,,,88,,,,,4G,14551-1,14551-1,,449,1617,-108,-18,92,84,4G,,,,457,1617,-110,-20,,,4G,12279-7,12279-7,,298,1617,-110,-20,288,7,4G,,,,322,1617,-111,-20,,,4G,,,,451,1617,-113,-20,,,4G,,,,408,1617,-116,-20,,,4G,,,,447,1617,-120,-20,,
13/07/2022,18:30:50,01,1,-0.24039618,51.75059513,3,1,EE,1,23430,2.34301E+14,27196-1,27196,1,10761,4G,LTE,-98,-7,7.6,-,-72,1617,0,0,452,10,1.4,13,G,I,,,,,,,,,,,M,13,1,,,124,0,192.0.0.4,3,,,,,75,1,6A3C,2A09,6962177,25.8,499,samsung:SM-G975U:PPR1.180610.011,L3,20MHZ,1800,,,,,,,,,13,FALSE,,,,88,,,,,4G,14551-1,14551-1,,449,1617,-108,-18,93,84,4G,,,,457,1617,-110,-20,,,4G,12279-7,12279-7,,298,1617,-110,-20,289,8,4G,,,,322,1617,-111,-20,,,4G,,,,451,1617,-113,-20,,,4G,,,,408,1617,-116,-20,,,4G,,,,447,1617,-120,-20,,
13/07/2022,18:30:53,03,3,-0.24041059,51.75062596,7,4,EE,1.333333333,23430,2.34301E+14,27196-1,27196,1,10761,4G,LTE,-95,-7,7.2,-,-72,1617,0,0,452,9,1.4,14,G,I,,,,,,,,,,,M,13,1,,,124,0,192.0.0.4,3,,,,,78,1,6A3C,2A09,6962177,25.8,499,samsung:SM-G975U:PPR1.180610.011,L3,20MHZ,1800,,,,,,,,,13,FALSE,,,,88,,,,,4G,12279-7,12279-7,,298,1617,-112,-19,287,8,4G,,,,197,1617,-112,-20,,,4G,14551-1,14551-1,,449,1617,-113,-20,93,85,4G,,,,457,1617,-113,-20,,,4G,,,,451,1617,-115,-20,,,4G,,,,408,1617,-116,-20,,,4G,,,,447,1617,-120,-20,,
13/07/2022,18:30:56,03,3,-0.24045674,51.75065035,0,-7,EE,-2.333333333,23430,2.34301E+14,27196-1,27196,1,10761,4G,LTE,-99,-7,7.8,-,-73,1617,0,0,452,8,1.4,15,G,I,,,,,,,,,,,M,13,1,,,124,0,192.0.0.4,3,,,,,81,1,6A3C,2A09,6962177,25.8,499,samsung:SM-G975U:PPR1.180610.011,L3,20MHZ,1800,,,,,,,,,13,FALSE,,,,88,,,,,4G,12279-7,12279-7,,298,1617,-114,-17,284,8,4G,,,,197,1617,-114,-14,,,4G,,,,451,1617,-115,-20,,,4G,,,,408,1617,-116,-20,,,4G,14551-1,14551-1,,449,1617,-117,-17,96,88,4G,,,,457,1617,-119,-20,,,4G,,,,447,1617,-120,-20,,
13/07/2022,18:30:58,02,2,-0.24051177,51.75064573,5,5,EE,2.5,23430,2.34301E+14,27196-1,27196,1,10761,4G,LTE,-96,-9,8.2,-,-73,1617,0,0,452,7,1.4,16,G,I,,,,,,,,,,,M,13,1,,,134,0,192.0.0.4,3,,,,,83,1,6A3C,2A09,6962177,25.8,499,samsung:SM-G975U:PPR1.180610.011,L3,20MHZ,1800,,,,,,,,,13,FALSE,,,,90,,,,,4G,,,,197,1617,-108,-19,,,4G,,,,451,1617,-109,-20,,,4G,,,,408,1617,-111,-20,,,4G,12279-7,12279-7,,298,1617,-114,-20,284,9,4G,14551-1,14551-1,,449,1617,-117,-17,99,88,4G,,,,457,1617,-119,-20,,,4G,,,,447,1617,-120,-20,,
13/07/2022,18:30:58,00,0,-0.24051177,51.75064573,5,0,EE,0,23430,2.34301E+14,27196-1,27196,1,10761,4G,LTE,-96,-9,8.2,-,-73,1617,0,0,452,6,1.4,16,G,I,,,,,,,,,,,M,13,1,,,134,0,192.0.0.4,3,,,,,83,1,6A3C,2A09,6962177,25.8,499,samsung:SM-G975U:PPR1.180610.011,L3,20MHZ,1800,,,,,,,,,13,FALSE,,,,90,,,,,4G,,,,197,1617,-108,-19,,,4G,,,,451,1617,-109,-20,,,4G,,,,408,1617,-111,-20,,,4G,12279-7,12279-7,,298,1617,-114,-20,284,9,4G,14551-1,14551-1,,449,1617,-117,-17,99,88,4G,,,,457,1617,-119,-20,,,4G,,,,447,1617,-120,-20,,
13/07/2022,18:31:01,03,3,-0.2405948,51.7506386,5,0,EE,0,23430,2.34301E+14,27196-7,27196,7,10761,4G,LTE,-102,-6,10,-,-73,3350,0,0,452,6,1.4,15,G,I,,,,,,,,,,,M,13,1,,,123,0,192.0.0.4,,CELL_RESELECTION_4G4G,234-30-10761-27196-1-1617-452:234-30-10761-27196-7-3350-452,,,85,7,6A3C,2A09,6962183,25.8,499,samsung:SM-G975U:PPR1.180610.011,L7,20MHZ,2600,,,,,,,,,13,FALSE,,,,284,,,,,4G,27196-7,27196-7,,452,1617,-100,-9,123,284,4G,27196-7,27196-7,,452,1815,-106,-9,123,284,4G,27196-7,27196-7,,452,3179,-109,-7,123,284,4G,12279-7,12279-7,,298,1617,-110,-16,286,10,4G,12279-7,12279-7,,298,1815,-112,-12,286,10,4G,,,,457,3350,-114,-13,,,4G,,,,334,1617,-114,-20,,
13/07/2022,18:31:02,01,1,-0.24066308,51.75062813,5,0,EE,0,23430,2.34301E+14,27196-7,27196,7,10761,4G,LTE,-102,-6,10,-,-73,3350,0,0,452,5,1.4,15,G,I,,,,,,,,,,,M,13,1,,,119,0,192.0.0.4,,,,,,2,7,6A3C,2A09,6962183,25.8,499,samsung:SM-G975U:PPR1.180610.011,L7,20MHZ,2600,,,,,,,,,13,FALSE,,,,285,,,,,4G,27196-7,27196-7,,452,1617,-100,-9,121,285,4G,27196-7,27196-7,,452,1815,-106,-9,121,285,4G,27196-7,27196-7,,452,3179,-109,-7,121,285,4G,12279-7,12279-7,,298,1617,-110,-16,288,11,4G,12279-7,12279-7,,298,1815,-112,-12,288,11,4G,,,,457,3350,-114,-13,,,4G,,,,334,1617,-114,-20,,
13/07/2022,18:31:02,00,0,-0.24066308,51.75062813,5,0,EE,0,23430,2.34301E+14,27196-7,27196,7,10761,4G,LTE,-102,-6,10,-,-73,3350,0,0,452,5,1.4,15,G,I,,,,,,,,,,,M,13,1,,,119,0,192.0.0.4,,,,,,2,7,6A3C,2A09,6962183,25.8,499,samsung:SM-G975U:PPR1.180610.011,L7,20MHZ,2600,,,,,,,,,13,FALSE,,,,285,,,,,4G,27196-7,27196-7,,452,1617,-100,-9,121,285,4G,27196-7,27196-7,,452,1815,-106,-9,121,285,4G,27196-7,27196-7,,452,3179,-109,-7,121,285,4G,12279-7,12279-7,,298,1617,-110,-16,288,11,4G,12279-7,12279-7,,298,1815,-112,-12,288,11,4G,,,,457,3350,-114,-13,,,4G,,,,334,1617,-114,-20,,
13/07/2022,18:31:04,02,2,-0.24068413,51.7506211,5,0,EE,0,23430,2.34301E+14,27196-7,27196,7,10761,4G,LTE,-105,-7,10.4,-,-76,3350,0,0,452,4,1.4,15,G,I,,,,,,,,,,,M,13,1,,,119,0,192.0.0.4,,,,,,3,7,6A3C,2A09,6962183,25.8,499,samsung:SM-G975U:PPR1.180610.011,L7,20MHZ,2600,,,,,,,,,13,FALSE,,,,285,,,,,4G,27196-7,27196-7,,452,1617,-100,-9,119,285,4G,27196-7,27196-7,,452,1815,-106,-9,119,285,4G,27196-7,27196-7,,452,3179,-109,-7,119,285,4G,12279-7,12279-7,,298,3350,-110,-10,288,11,4G,12279-7,12279-7,,298,1617,-110,-16,288,11,4G,12279-7,12279-7,,298,1815,-112,-12,288,11,4G,,,,334,1617,-114,-20,,
13/07/2022,18:31:07,03,3,-0.24077769,51.75057238,5,0,EE,0,23430,2.34301E+14,27196-7,27196,7,10761,4G,LTE,-103,-7,10.2,-,-76,3350,0,0,452,4,1.4,14,G,I,,,,,,,,,,,M,13,1,,,113,0,192.0.0.4,3,,,,,7,7,6A3C,2A09,6962183,25.8,499,samsung:SM-G975U:PPR1.180610.011,L7,20MHZ,2600,,,,,,,,,13,FALSE,,,,289,,,,,4G,12279-7,12279-7,,298,3350,-109,-11,294,12,4G,,,,457,3350,-114,-16,,,4G,,,,271,3350,-115,-18,,,4G,14551-1,14551-1,,449,3350,-115,-16,117,85,4G,,,,299,3350,-116,-20,,,4G,,,,334,3350,-117,-19,,,4G,,,,447,3350,-120,-20,,
13/07/2022,18:31:14,07,7,-0.24092306,51.75055743,3,-2,EE,-0.285714286,23430,2.34301E+14,27196-7,27196,7,10761,4G,LTE,-102,-10,6.4,-,-72,3350,0,0,452,5,1.4,14,G,I,,,,,,,,,,,M,13,1,,,104,0,192.0.0.4,3,,,,,14,7,6A3C,2A09,6962183,25.8,499,samsung:SM-G975U:PPR1.180610.011,L7,20MHZ,2600,,,,,,,,,13,FALSE,,,,292,,,,,4G,12279-7,12279-7,,298,3350,-106,-11,300,14,4G,,,,271,3350,-110,-19,,,4G,,,,457,3350,-110,-17,,,4G,,,,334,3350,-111,-19,,,4G,,,,299,3350,-114,-20,,,,,,,,,,,,,,,,,,,,,,
13/07/2022,18:31:19,05,5,-0.24107911,51.75051059,5,2,EE,0.4,23430,2.34301E+14,27196-7,27196,7,10761,4G,LTE,-107,-9,6.2,-,-81,3350,0,0,452,4,1.4,15,G,I,,,,,,,,,,,M,13,1,,,97,0,192.0.0.4,3,,,,,19,7,6A3C,2A09,6962183,25.8,499,samsung:SM-G975U:PPR1.180610.011,L7,20MHZ,2600,,,,,,,,,13,FALSE,,,,297,,,,,4G,12279-7,12279-7,,298,3350,-108,-10,306,16,4G,,,,271,3350,-117,-17,,,4G,,,,334,3350,-118,-18,,,4G,,,,457,3350,-118,-16,,,4G,,,,299,3350,-119,-19,,,,,,,,,,,,,,,,,,,,,,
13/07/2022,18:31:30,11,11,-0.24120484,51.75046345,7,2,EE,0.181818182,23430,2.34301E+14,27196-7,27196,7,10761,4G,LTE,-107,-10,7.4,-,-76,3350,0,0,452,4,1.4,15,G,I,,,,,,,,,,,M,13,1,,,92,0,192.0.0.4,3,,,,,9,7,6A3C,2A09,6962183,25.8,499,samsung:SM-G975U:PPR1.180610.011,L7,20MHZ,2600,,,,,,,,,13,FALSE,,,,302,,,,,4G,12279-7,12279-7,,298,3350,-111,-9,314,17,4G,,,,237,3350,-120,-13,,,4G,,,,457,3350,-121,-16,,,4G,,,,271,3350,-122,-18,,,4G,14551-1,14551-1,,449,3350,-123,-20,148,81,,,,,,,,,,,,,,,,,,,,
13/07/2022,18:31:39,09,9,-0.24135823,51.75047903,3,-4,EE,-0.444444444,23430,2.34301E+14,12279-10,12279,10,10761,4G,LTE,-108,-10,8.8,-,-77,3179,0,0,298,4,1.4,15,G,I,,,,,,,,,,,M,13,1,,,340,0,192.0.0.4,,,,,,4,A,2FF7,2A09,3143434,25.8,499,samsung:SM-G975U:PPR1.180610.011,L7,20MHZ,2600,,,,,,,,,13,FALSE,,,,355,,,,,4G,27196-7,27196-7,,452,3179,-109,-9,83,305,4G,,,,271,3179,-114,-15,,,,,,,,,,,,,,,,,,,,,,,,,,,,,,,,,,,,,,,,,,,,,,,,,,,,
13/07/2022,18:31:40,01,1,-0.2413035,51.7504902,0,-3,EE,-3,23430,2.34301E+14,12279-10,12279,10,10761,4G,LTE,-108,-10,8.8,-,-77,3179,0,0,298,4,1.4,18,N,I,,,,,,,,,,,M,13,1,,,339,0,192.0.0.4,,,,,,4,A,2FF7,2A09,3143434,25.8,499,samsung:SM-G975U:PPR1.180610.011,L7,20MHZ,2600,,,,,,,,,13,FALSE,,,,355,,,,,,,,,,,,,,,,,,,,,,,,,,,,,,,,,,,,,,,,,,,,,,,,,,,,,,,,,,,,,,,,,,,,,,,,,,
13/07/2022,18:31:47,07,7,-0.24134285,51.75052813,0,0,EE,0,23430,2.34301E+14,27196-10,27196,10,10761,4G,LTE,-105,-9,8,-,-76,3179,0,0,452,4,1.4,14,G,I,,,,,,,,,,,M,13,1,,,337,0,192.0.0.4,,LOG_END,,,,3,A,6A3C,2A09,6962186,25.8,499,samsung:SM-G975U:PPR1.180610.011,L7,20MHZ,2600,,,,,,,,,13,FALSE,,,,355,,,,,4G,12279-7,12279-7,,298,3179,-107,-8,312,19,4G,,,,237,3179,-117,-16,,,4G,,,,271,3179,-118,-16,,,4G,,,,334,3179,-118,-18,,,4G,14551-1,14551-1,,449,3179,-118,-20,159,84,4G,,,,457,3179,-120,-16,,,4G,,,,299,3179,-122,-20,,
